Friend 1,Friend 2
1,555
1,921
1,213
1,184
1,242
1,402
1,399
1,84
1,55
2,752
2,539
2,535
2,391
2,91
2,414
2,534
2,918
3,71
3,705
3,695
3,729
3,608
3,508
3,802
3,775
3,902
3,744
3,673
4,428
4,125
4,665
4,120
4,670
4,679
4,249
4,15
4,319
5,509
5,455
5,819
5,204
5,530
5,810
6,347
6,862
6,266
6,432
6,578
6,750
6,687
6,724
6,509
6,387
6,49
7,286
7,153
7,269
7,30
7,33
7,1000
7,203
7,474
7,579
7,294
7,220
8,310
8,363
8,477
8,61
8,151
8,446
8,335
8,930
8,797
8,809
8,677
9,339
9,852
9,173
9,196
9,180
9,628
9,532
9,365
9,668
9,830
9,716
9,908
10,509
10,362
10,322
10,578
10,280
10,421
10,424
10,402
10,495
11,203
11,775
11,475
11,753
11,965
11,948
11,455
11,762
11,208
11,92
11,168
11,48
11,463
11,307
12,180
12,646
12,800
12,487
12,331
12,701
12,468
12,70
13,616
13,88
13,764
13,217
13,455
13,838
14,976
14,807
14,137
14,495
14,530
14,809
14,551
14,664
14,801
14,767
14,900
14,365
14,361
14,103
15,780
15,675
15,5
15,506
15,246
15,349
15,977
15,669
15,107
15,616
15,103
15,821
15,12
16,405
16,748
16,541
16,354
16,797
16,589
16,222
16,547
16,639
16,584
16,20
16,663
16,19
16,984
17,248
17,982
17,46
17,549
17,167
17,408
17,377
17,89
17,690
17,362
17,795
18,793
18,847
18,622
18,39
18,786
18,35
19,590
19,337
19,472
19,580
19,473
19,599
19,934
19,982
19,284
19,906
19,210
19,319
19,380
20,438
20,692
20,678
20,509
20,79
20,144
20,645
20,449
20,402
20,921
20,63
20,304
21,444
21,184
21,60
21,585
21,693
21,606
21,938
21,631
21,392
22,31
22,417
22,527
22,636
22,173
22,178
22,173
22,175
22,664
23,119
23,928
23,904
23,144
23,191
23,797
23,754
23,739
23,940
23,453
23,335
23,646
24,612
24,133
24,4
24,683
24,12
24,744
24,26
25,811
25,291
25,332
25,154
25,227
25,528
25,686
25,45
26,216
26,46
26,420
26,450
26,736
26,679
26,32
26,798
26,716
26,47
27,774
27,322
27,201
27,431
27,463
27,460
28,544
28,9
28,968
28,407
28,983
28,290
28,381
28,448
28,676
28,695
28,502
29,628
29,268
29,236
29,135
29,979
29,474
29,981
30,75
30,421
30,122
30,944
30,637
31,540
31,233
31,226
31,505
31,839
31,193
31,684
31,278
31,892
31,457
31,587
31,575
31,592
31,268
32,201
32,986
32,598
32,313
32,42
32,483
32,696
32,175
32,25
33,411
33,584
33,872
33,943
33,677
33,560
33,566
34,531
34,476
34,545
34,611
34,771
34,422
35,905
35,45
35,197
35,609
35,233
35,369
35,715
35,706
35,95
35,825
35,845
36,533
36,112
36,188
36,165
36,521
36,809
36,350
36,729
36,555
36,725
36,185
36,899
36,385
37,228
37,734
37,473
37,878
37,26
37,790
37,813
37,793
37,944
37,747
38,775
38,411
38,864
38,262
38,977
38,384
38,976
38,697
38,526
38,94
38,245
38,512
38,551
38,24
39,614
39,960
39,234
39,691
39,576
39,624
39,230
39,917
39,175
39,373
39,751
39,693
39,230
40,286
40,831
40,973
40,990
40,249
40,497
40,691
40,725
40,940
40,503
40,613
40,197
41,930
41,327
41,898
41,55
41,144
41,458
41,320
41,17
42,571
42,824
42,179
42,564
42,298
42,747
42,69
42,670
42,162
42,600
43,187
43,889
43,285
43,211
43,140
43,132
43,159
43,373
43,495
43,49
44,547
44,405
44,104
44,342
44,397
44,583
44,908
44,18
44,821
44,138
44,521
44,125
45,504
45,681
45,477
45,714
45,646
45,519
45,686
46,557
46,337
46,747
46,912
46,529
46,314
46,756
46,560
46,972
46,879
47,749
47,666
47,3
47,580
47,986
47,602
47,835
47,72
48,360
48,533
48,295
48,889
48,458
48,19
48,962
48,43
48,104
48,163
48,105
48,646
49,191
49,515
49,968
49,509
49,830
49,316
49,657
49,356
49,279
49,704
49,250
49,659
49,219
50,290
50,334
50,29
50,267
50,426
50,879
51,164
51,406
51,702
51,376
51,622
51,965
51,438
51,581
52,147
52,34
52,659
52,267
52,968
52,737
52,596
52,521
53,403
53,982
53,829
53,833
53,321
53,326
53,700
53,994
53,478
53,188
53,317
54,831
54,269
54,636
54,945
54,756
54,12
54,490
55,230
55,30
55,946
55,234
55,960
55,320
55,378
56,883
56,854
56,710
56,596
56,712
56,862
56,525
56,940
56,704
56,671
57,826
57,91
57,939
57,15
57,824
57,269
57,772
57,921
57,336
57,89
57,813
58,282
58,903
58,249
58,408
58,668
58,511
58,329
58,848
59,574
59,201
59,141
59,346
59,566
59,718
59,118
59,846
59,528
59,80
59,681
59,872
59,795
59,524
60,627
60,746
60,154
60,532
60,591
60,292
60,454
61,97
61,252
61,635
61,610
61,624
61,838
61,317
61,551
61,575
61,9
61,881
61,333
61,245
62,142
62,616
62,932
62,538
62,232
62,314
62,259
62,603
62,821
62,563
62,364
62,925
63,442
63,822
63,589
63,872
63,195
63,957
63,82
63,567
63,577
63,483
63,688
63,769
64,206
64,111
64,842
64,163
64,731
64,657
64,873
64,92
64,523
65,76
65,315
65,992
65,760
65,440
66,886
66,805
66,293
66,65
66,388
66,210
66,772
66,736
66,274
66,129
67,358
67,196
67,427
67,398
67,144
67,840
67,967
68,155
68,420
68,78
68,340
68,348
68,765
69,602
69,873
69,19
69,759
69,742
69,817
69,300
69,482
69,852
69,349
69,188
69,56
69,497
70,960
70,723
70,908
70,935
70,180
70,523
70,483
70,271
70,220
70,918
70,653
71,276
71,497
71,795
71,973
71,397
71,158
71,400
71,609
71,851
71,263
71,254
71,631
72,276
72,959
72,160
72,679
72,505
72,290
72,740
72,439
72,528
73,923
73,474
73,491
73,973
73,311
73,698
73,146
73,788
73,333
73,138
73,427
73,682
74,258
74,322
74,194
74,759
74,721
74,168
74,926
74,627
74,753
74,193
74,981
75,121
75,948
75,56
75,611
75,153
75,349
75,918
75,44
76,154
76,764
76,297
76,578
76,414
76,859
77,880
77,918
77,722
77,456
77,933
77,229
77,509
77,401
77,200
77,195
77,784
78,440
78,239
78,314
78,857
78,631
79,286
79,649
79,613
79,314
79,69
79,989
79,597
80,656
80,141
80,241
80,512
80,466
80,430
80,359
80,253
80,861
80,154
80,129
80,141
81,746
81,168
81,636
81,702
81,278
81,580
81,887
82,326
82,440
82,833
82,222
82,921
82,845
83,158
83,632
83,186
83,680
83,630
83,366
84,798
84,135
84,455
84,209
84,862
84,909
84,148
84,542
84,77
84,135
84,66
85,964
85,507
85,551
85,190
85,53
85,87
85,674
86,924
86,42
86,104
86,869
86,872
86,864
86,629
87,645
87,926
87,330
87,959
87,512
88,984
88,661
88,227
88,856
88,180
88,8
88,448
88,287
88,224
88,130
89,255
89,137
89,651
89,248
89,791
90,818
90,378
90,769
90,798
90,849
90,821
90,556
90,666
90,511
90,647
90,898
90,994
90,311
90,139
91,125
91,674
91,567
91,942
91,443
91,120
91,25
91,621
92,993
92,251
92,593
92,234
92,927
92,785
92,624
92,439
92,666
92,644
92,143
92,272
92,913
93,148
93,219
93,58
93,622
93,646
93,966
93,270
93,299
93,597
93,972
93,613
94,995
94,768
94,223
94,502
94,64
94,516
94,2
94,13
94,208
94,107
94,82
94,501
94,699
94,886
95,990
95,930
95,992
95,800
95,263
95,506
95,37
95,296
95,594
95,919
95,825
95,657
95,940
95,743
96,837
96,335
96,18
96,605
96,108
97,809
97,950
97,119
97,341
97,976
97,120
97,497
97,854
97,893
97,826
98,320
98,841
98,150
98,228
98,912
98,910
98,799
98,369
99,44
99,447
99,711
99,760
99,216
99,394
99,965
100,201
100,887
100,962
100,565
100,213
100,114
100,401
100,924
101,303
101,964
101,864
101,137
101,811
102,895
102,802
102,957
102,156
102,361
102,253
103,45
103,127
103,770
103,22
103,107
103,39
104,459
104,532
104,796
104,50
104,27
104,395
104,285
104,356
104,617
104,291
104,874
104,504
104,538
105,588
105,129
105,977
105,401
105,799
105,942
105,97
105,124
105,245
105,289
105,81
106,658
106,294
106,681
106,513
106,446
107,534
107,897
107,148
107,359
107,505
107,568
107,38
107,660
107,391
107,466
107,333
107,36
107,257
107,363
108,995
108,212
108,755
108,43
108,317
108,2
108,845
108,158
108,171
108,992
108,946
108,880
108,563
108,654
109,293
109,844
109,714
109,45
109,292
109,352
109,902
109,843
109,348
109,668
109,257
109,362
109,911
110,788
110,750
110,18
110,420
110,689
110,53
111,472
111,238
111,310
111,941
111,493
111,930
112,442
112,181
112,775
112,398
112,541
112,16
112,155
112,253
113,373
113,316
113,429
113,131
113,585
113,727
113,827
114,340
114,118
114,521
114,459
114,875
115,67
115,156
115,415
115,317
115,331
115,602
115,752
115,138
115,98
116,527
116,297
116,235
116,86
116,271
116,133
116,346
116,767
117,366
117,946
117,613
117,367
117,596
117,122
117,979
117,533
117,759
117,15
117,21
117,146
117,569
117,519
118,312
118,677
118,786
118,707
118,765
118,997
118,684
118,857
118,798
118,807
118,767
118,832
118,286
119,744
119,792
119,772
119,154
119,95
119,275
119,473
119,64
119,854
119,261
119,678
119,386
119,903
119,643
120,300
120,338
120,599
120,986
120,174
120,190
120,461
120,225
120,368
120,10
121,775
121,434
121,627
121,552
121,156
121,397
121,876
122,698
122,202
122,32
122,226
122,696
122,941
122,752
122,745
123,631
123,715
123,308
123,327
123,540
123,668
123,758
123,464
123,881
123,809
123,71
123,304
123,52
124,480
124,629
124,149
124,404
124,850
124,274
124,926
124,913
124,768
124,859
124,510
125,316
125,914
125,770
125,696
125,722
125,567
126,435
126,104
126,605
126,530
126,959
127,902
127,128
127,886
127,103
127,800
127,485
127,266
127,321
127,90
127,926
127,884
128,803
128,882
128,345
128,674
128,20
128,664
129,960
129,863
129,363
129,946
129,554
130,469
130,587
130,85
130,477
130,406
130,721
130,125
130,844
130,516
131,618
131,504
131,166
131,120
131,219
132,548
132,306
132,540
132,168
132,336
132,733
132,193
132,896
132,562
133,519
133,490
133,54
133,243
133,241
133,375
133,806
133,385
133,812
134,587
134,743
134,120
134,946
134,681
134,342
134,761
134,247
134,384
134,313
134,418
134,153
135,823
135,319
135,447
135,363
135,331
135,634
135,543
135,874
135,320
136,483
136,302
136,156
136,701
136,61
136,11
136,796
136,655
137,388
137,666
137,17
137,28
137,325
137,465
137,276
137,113
138,494
138,591
138,430
138,884
138,191
138,756
138,482
138,230
138,642
138,399
138,432
138,618
138,723
138,938
139,411
139,892
139,892
139,116
139,650
139,791
139,899
139,983
139,76
139,236
139,403
139,864
140,517
140,300
140,35
140,509
140,511
140,867
141,41
141,613
141,938
141,613
141,792
141,495
141,693
141,287
141,731
141,444
141,976
141,868
141,996
141,163
142,246
142,137
142,766
142,569
142,227
142,86
142,135
143,722
143,545
143,224
143,671
143,725
144,331
144,389
144,668
144,483
144,146
144,519
144,676
144,602
144,236
144,410
144,105
144,787
144,469
144,784
145,337
145,725
145,282
145,89
145,35
145,532
145,673
145,525
145,505
145,732
145,322
145,631
145,477
146,277
146,139
146,243
146,672
146,170
146,898
146,10
146,832
146,535
146,669
146,494
146,749
146,101
146,680
147,415
147,158
147,9
147,110
147,4
147,976
148,501
148,784
148,689
148,321
148,485
148,511
148,966
148,928
148,943
149,776
149,871
149,346
149,969
149,561
149,322
149,231
149,516
150,469
150,204
150,185
150,410
150,841
150,604
150,585
150,904
150,702
150,133
150,688
151,141
151,505
151,394
151,726
151,633
151,545
151,333
152,451
152,641
152,824
152,967
152,609
152,736
152,650
153,923
153,103
153,558
153,433
153,417
153,131
153,343
153,240
153,185
153,964
153,66
153,43
153,51
153,156
154,726
154,996
154,900
154,294
154,781
155,54
155,175
155,484
155,187
155,640
155,717
155,449
155,937
155,277
156,144
156,182
156,132
156,343
156,610
156,23
156,571
156,184
156,195
156,209
156,435
157,503
157,246
157,294
157,651
157,311
157,861
157,278
157,64
157,170
157,886
157,710
157,684
158,9
158,398
158,638
158,806
158,886
159,111
159,83
159,405
159,444
159,615
159,454
159,174
159,977
159,452
159,640
160,7
160,944
160,312
160,656
160,67
160,6
160,922
160,715
160,397
160,420
160,351
160,334
160,275
160,74
161,656
161,880
161,918
161,145
161,415
161,538
161,209
161,339
161,68
162,615
162,748
162,832
162,969
162,969
162,834
162,146
162,775
162,81
162,693
162,226
162,920
162,282
163,918
163,21
163,388
163,737
163,267
163,288
163,106
163,395
164,130
164,15
164,389
164,370
164,553
164,77
164,511
164,333
165,303
165,540
165,562
165,878
165,858
165,121
165,451
165,745
165,299
165,563
165,971
166,281
166,569
166,255
166,876
166,849
166,79
166,487
166,350
166,450
166,884
167,667
167,297
167,596
167,608
167,351
167,188
167,338
167,156
167,953
167,612
167,342
167,376
167,178
168,143
168,332
168,196
168,203
168,903
169,593
169,83
169,522
169,753
169,508
169,461
169,423
169,848
169,74
169,580
169,98
170,407
170,987
170,462
170,332
170,487
170,8
170,28
170,220
171,122
171,193
171,546
171,472
171,53
171,234
171,986
171,187
171,225
171,19
171,833
171,23
172,716
172,970
172,183
172,237
172,901
172,677
172,949
172,683
172,576
172,704
172,791
172,887
172,858
172,983
173,510
173,303
173,970
173,226
173,914
173,801
173,765
173,121
173,405
173,966
174,733
174,569
174,464
174,613
174,49
174,912
174,383
174,377
174,391
174,91
175,762
175,418
175,124
175,1000
175,757
175,526
175,680
175,886
175,184
175,356
175,49
175,351
175,877
175,583
176,286
176,793
176,231
176,301
176,912
176,568
176,576
176,774
176,306
177,529
177,262
177,244
177,385
177,10
177,851
177,668
177,763
177,252
177,970
178,124
178,128
178,772
178,938
178,190
179,842
179,378
179,355
179,195
179,703
179,600
179,742
179,292
179,493
180,407
180,331
180,751
180,122
180,260
180,117
181,902
181,601
181,739
181,425
181,366
182,884
182,77
182,564
182,215
182,729
182,503
182,767
182,783
182,642
182,513
182,192
182,877
182,558
183,460
183,972
183,519
183,812
183,876
184,462
184,167
184,269
184,490
184,195
184,127
184,329
184,728
184,928
184,105
184,395
184,934
184,137
184,690
185,411
185,369
185,806
185,275
185,980
185,704
185,340
185,771
185,391
185,298
186,789
186,411
186,898
186,516
186,388
186,445
186,181
186,461
186,360
186,987
186,589
187,868
187,984
187,658
187,658
187,749
187,633
187,47
187,840
187,859
188,298
188,791
188,619
188,859
188,871
188,910
188,308
188,228
188,630
188,49
189,850
189,830
189,699
189,200
189,122
189,724
189,232
189,729
189,378
189,363
189,8
189,818
189,672
190,406
190,732
190,393
190,940
190,39
190,54
190,161
190,646
190,739
190,16
190,92
190,967
190,986
191,1
191,557
191,167
191,686
191,56
191,654
191,673
191,180
191,245
191,231
191,177
192,428
192,228
192,585
192,637
192,707
193,97
193,849
193,396
193,751
193,377
193,817
193,1000
193,412
193,693
193,196
193,115
194,722
194,464
194,898
194,10
194,255
195,630
195,819
195,211
195,338
195,94
195,114
195,449
195,122
195,217
195,117
196,802
196,576
196,640
196,225
196,574
196,739
196,541
196,310
196,728
196,717
196,839
196,251
196,549
196,890
197,644
197,19
197,679
197,307
197,997
198,440
198,631
198,470
198,101
198,108
198,828
198,121
198,346
199,954
199,421
199,263
199,222
199,989
199,682
199,168
199,480
199,633
199,288
199,8
200,782
200,48
200,851
200,581
200,839
200,317
200,443
200,804
200,745
200,171
200,507
200,44
200,384
200,383
201,56
201,270
201,765
201,171
201,881
201,998
201,851
201,807
201,788
201,150
202,591
202,804
202,13
202,602
202,90
203,212
203,837
203,676
203,21
203,376
203,863
204,469
204,933
204,698
204,134
204,778
204,717
204,416
205,941
205,75
205,392
205,818
205,907
205,204
205,938
205,170
206,875
206,186
206,647
206,927
206,591
206,370
206,160
206,49
206,69
206,535
207,268
207,93
207,871
207,985
207,590
207,620
207,357
207,468
207,33
207,16
207,82
207,834
207,288
207,136
208,951
208,547
208,125
208,196
208,86
209,234
209,378
209,423
209,375
209,161
209,437
209,300
209,414
209,547
209,35
210,660
210,356
210,175
210,391
210,285
210,820
210,414
211,368
211,782
211,376
211,749
211,38
211,127
211,515
211,184
211,679
211,137
212,977
212,428
212,409
212,980
212,638
212,520
213,933
213,164
213,43
213,109
213,193
213,717
213,895
213,763
214,416
214,646
214,345
214,599
214,779
214,977
215,366
215,934
215,173
215,299
215,720
215,655
215,491
215,359
215,692
216,493
216,276
216,61
216,964
216,617
217,199
217,426
217,238
217,308
217,655
217,709
217,161
217,770
217,955
217,555
217,154
217,427
218,41
218,973
218,562
218,441
218,709
218,940
218,611
219,945
219,347
219,540
219,372
219,962
220,326
220,568
220,255
220,83
220,906
220,51
220,517
220,744
220,80
220,561
220,152
221,404
221,623
221,527
221,145
221,663
221,619
221,131
221,197
222,922
222,836
222,139
222,470
222,974
222,904
222,753
222,121
222,891
223,145
223,525
223,47
223,719
223,871
223,199
223,268
223,875
223,396
223,982
224,314
224,472
224,272
224,772
224,969
224,206
224,66
224,327
224,875
225,141
225,63
225,538
225,158
225,1000
226,641
226,67
226,376
226,897
226,36
226,273
226,366
227,746
227,527
227,346
227,967
227,846
227,306
228,623
228,457
228,395
228,907
228,869
228,533
228,974
228,349
229,211
229,123
229,890
229,958
229,97
229,669
229,163
229,280
229,757
229,848
229,174
230,257
230,939
230,971
230,726
230,316
230,73
231,695
231,195
231,455
231,702
231,929
231,2
231,298
232,234
232,398
232,32
232,957
232,791
233,396
233,997
233,608
233,624
233,669
233,314
233,307
233,726
233,397
233,726
233,285
233,994
233,132
233,108
234,692
234,752
234,699
234,473
234,297
234,688
234,219
234,316
234,432
235,393
235,150
235,760
235,36
235,607
235,248
235,706
235,823
235,550
236,788
236,483
236,875
236,498
236,705
236,480
236,436
237,308
237,393
237,411
237,867
237,335
237,62
237,322
237,615
237,420
237,299
237,665
237,972
238,15
238,939
238,631
238,268
238,285
238,589
238,312
238,898
238,744
238,504
239,512
239,493
239,796
239,996
239,80
239,775
239,414
239,804
239,204
239,207
240,580
240,27
240,428
240,229
240,842
240,60
240,776
240,561
240,906
240,975
240,238
240,396
240,845
240,69
241,685
241,785
241,954
241,306
241,404
241,614
241,492
241,278
241,424
241,25
241,618
242,426
242,176
242,956
242,796
242,92
242,476
242,173
242,103
242,659
242,84
243,573
243,726
243,86
243,618
243,273
243,430
244,401
244,122
244,19
244,745
244,850
244,597
244,391
244,868
244,286
244,584
244,125
244,710
244,144
245,882
245,968
245,546
245,12
245,692
245,809
245,982
245,275
245,188
245,712
245,554
246,461
246,878
246,49
246,126
246,55
246,175
246,567
246,706
246,912
246,987
246,127
246,562
246,239
247,339
247,810
247,780
247,860
247,664
247,477
247,819
247,755
247,391
247,667
247,33
247,730
248,845
248,401
248,302
248,328
248,885
248,417
249,451
249,552
249,977
249,665
249,883
249,57
249,928
249,739
249,76
250,40
250,427
250,937
250,657
250,334
250,847
250,706
250,58
250,407
250,215
250,11
250,156
250,128
250,284
251,696
251,99
251,959
251,51
251,284
251,138
251,404
251,322
251,357
251,106
252,444
252,55
252,624
252,570
252,788
252,214
252,681
252,435
252,382
253,165
253,647
253,851
253,721
253,446
253,182
253,47
253,450
253,44
253,803
253,59
253,959
253,168
254,667
254,498
254,508
254,288
254,845
254,757
254,993
254,268
254,767
255,76
255,142
255,692
255,778
255,45
256,308
256,230
256,20
256,770
256,503
256,73
256,332
256,699
256,581
256,323
256,74
256,156
256,142
257,411
257,713
257,906
257,416
257,362
257,692
257,552
257,77
258,62
258,392
258,820
258,765
258,666
258,671
258,654
259,768
259,571
259,460
259,732
259,619
259,144
259,350
260,190
260,59
260,390
260,657
260,896
260,927
261,233
261,610
261,415
261,954
261,334
261,342
261,601
261,899
261,810
262,18
262,802
262,206
262,456
262,255
262,383
263,600
263,56
263,172
263,796
263,333
263,387
263,905
263,19
263,694
263,105
263,188
263,377
263,744
264,268
264,423
264,341
264,652
264,235
264,500
264,341
264,75
264,78
264,433
264,766
264,220
265,63
265,856
265,73
265,943
265,630
265,747
265,952
266,652
266,116
266,916
266,793
266,563
266,429
267,293
267,518
267,827
267,276
267,986
267,314
267,760
267,893
267,959
267,745
267,977
267,231
267,458
268,437
268,493
268,597
268,218
268,111
268,890
268,830
268,356
268,122
268,409
268,100
268,588
268,455
269,349
269,487
269,983
269,353
269,915
269,230
269,97
270,300
270,633
270,736
270,238
270,373
270,599
270,133
270,459
270,916
271,539
271,143
271,142
271,626
271,505
271,631
272,106
272,562
272,637
272,746
272,673
272,271
272,684
272,473
273,891
273,888
273,972
273,736
273,61
273,59
273,180
273,735
274,385
274,8
274,102
274,382
274,142
274,367
274,587
274,538
274,932
274,1000
275,183
275,247
275,236
275,175
275,847
275,238
275,625
275,869
275,854
276,541
276,39
276,730
276,501
276,534
276,485
277,581
277,647
277,953
277,447
277,923
277,415
277,133
277,761
277,920
277,549
277,78
278,724
278,162
278,80
278,241
278,522
279,327
279,924
279,509
279,747
279,958
279,154
279,295
279,308
279,786
279,596
279,145
279,144
279,896
279,562
280,846
280,397
280,732
280,84
280,880
280,591
280,866
280,205
280,178
280,960
280,271
280,697
280,447
281,317
281,408
281,286
281,775
281,467
281,885
281,526
281,40
281,318
281,290
281,20
282,961
282,661
282,670
282,76
282,551
283,39
283,823
283,43
283,673
283,679
283,649
284,190
284,220
284,548
284,948
284,173
285,659
285,102
285,992
285,775
285,571
285,95
285,438
285,833
285,219
285,384
285,299
285,118
285,407
286,30
286,714
286,227
286,330
286,870
286,184
286,630
286,244
286,676
286,617
286,830
287,914
287,449
287,324
287,722
287,288
287,598
288,840
288,798
288,523
288,291
288,669
288,475
289,737
289,897
289,851
289,365
289,270
289,596
289,897
290,976
290,482
290,757
290,326
290,639
290,405
290,753
290,664
290,307
290,885
290,248
291,638
291,397
291,185
291,985
291,931
291,65
291,432
291,571
291,899
291,364
291,192
291,21
291,120
291,953
292,194
292,76
292,302
292,234
292,320
292,844
292,531
292,472
292,43
293,826
293,791
293,84
293,964
293,632
293,794
294,446
294,524
294,666
294,891
294,474
294,662
294,659
294,49
294,423
295,828
295,151
295,290
295,416
295,194
296,587
296,982
296,949
296,882
296,714
296,705
297,515
297,483
297,371
297,329
297,265
297,260
297,549
298,66
298,21
298,58
298,949
298,62
298,785
299,444
299,136
299,460
299,760
299,509
299,352
299,505
299,605
300,804
300,475
300,225
300,327
300,70
300,497
300,427
300,200
301,475
301,536
301,849
301,13
301,992
301,84
301,721
301,112
302,941
302,152
302,965
302,212
302,771
302,126
302,971
302,650
302,464
302,66
302,135
302,116
302,310
303,4
303,53
303,292
303,187
303,14
303,78
303,511
303,408
303,150
304,400
304,1
304,197
304,172
304,758
304,164
304,686
304,71
304,586
304,260
304,500
304,826
305,398
305,137
305,410
305,503
305,298
305,251
305,911
305,319
305,389
305,1
305,503
306,636
306,330
306,429
306,766
306,325
306,805
306,591
306,191
306,254
306,176
306,230
306,954
306,975
306,719
307,893
307,979
307,512
307,123
307,824
307,672
307,427
308,262
308,939
308,506
308,705
308,399
308,528
308,733
308,740
308,786
308,402
308,119
308,115
308,354
308,552
309,511
309,462
309,226
309,804
309,431
310,106
310,349
310,976
310,684
310,265
310,58
310,306
310,917
310,847
310,516
310,957
310,616
310,860
310,108
311,107
311,254
311,404
311,975
311,692
311,904
311,978
312,190
312,951
312,618
312,959
312,520
312,522
312,85
312,741
312,760
312,43
312,105
313,168
313,912
313,295
313,267
313,328
313,274
313,495
313,600
313,534
313,873
313,865
314,331
314,360
314,50
314,135
314,94
314,546
314,971
314,526
314,141
314,673
314,806
314,900
314,377
314,30
315,934
315,610
315,957
315,471
315,287
315,75
315,78
315,511
316,407
316,893
316,780
316,479
316,487
316,282
316,608
317,646
317,944
317,50
317,629
317,392
317,272
317,599
318,555
318,921
318,302
318,325
318,26
318,655
318,571
318,743
318,622
318,560
318,72
318,600
318,910
319,576
319,450
319,618
319,73
319,168
319,984
319,804
319,890
319,659
319,94
320,929
320,399
320,717
320,362
320,67
320,256
320,499
320,400
321,449
321,469
321,773
321,165
321,834
321,93
321,564
321,173
321,549
321,584
321,605
321,673
321,64
321,604
322,6
322,294
322,115
322,100
322,665
322,46
322,59
322,924
322,136
322,663
322,880
323,494
323,198
323,310
323,899
323,419
323,492
323,371
323,346
323,331
323,728
323,372
324,741
324,724
324,683
324,576
324,985
324,45
324,271
324,552
324,461
324,7
324,250
325,26
325,980
325,648
325,617
325,454
325,391
325,894
325,985
325,345
325,187
325,341
325,698
325,555
326,566
326,930
326,874
326,514
326,865
326,841
326,776
326,380
326,436
326,266
326,451
326,615
327,566
327,765
327,536
327,17
327,864
328,384
328,465
328,725
328,912
328,878
328,980
328,616
328,959
328,340
328,766
328,536
328,643
329,639
329,522
329,984
329,104
329,934
330,903
330,644
330,152
330,307
330,341
330,156
330,299
330,653
331,717
331,347
331,212
331,284
331,838
331,353
331,181
331,764
331,248
331,2
331,959
331,790
331,521
331,991
332,996
332,507
332,696
332,218
332,467
332,455
332,927
332,439
332,583
333,29
333,19
333,229
333,383
333,599
333,91
333,638
333,63
333,976
334,774
334,600
334,842
334,577
334,858
334,452
334,801
334,46
334,194
334,346
334,667
334,569
334,39
334,346
335,308
335,975
335,114
335,796
335,817
335,695
335,424
336,965
336,249
336,415
336,104
336,214
336,463
337,177
337,739
337,930
337,751
337,591
337,798
337,322
337,404
337,501
337,953
337,193
337,652
337,781
337,381
338,848
338,378
338,416
338,524
338,988
339,778
339,123
339,452
339,584
339,5
339,997
339,565
339,411
339,817
339,296
339,285
340,963
340,49
340,192
340,17
340,574
340,188
340,890
340,804
340,9
340,299
341,447
341,886
341,138
341,665
341,816
341,451
341,301
341,426
341,857
342,663
342,716
342,42
342,592
342,972
342,296
342,563
342,82
342,193
342,221
342,314
342,476
342,757
342,446
343,381
343,899
343,546
343,930
343,438
344,767
344,143
344,697
344,240
344,39
344,944
344,86
345,665
345,717
345,576
345,273
345,427
345,342
345,834
345,240
345,850
345,894
345,695
346,527
346,656
346,135
346,387
346,216
346,706
346,288
346,634
347,101
347,279
347,846
347,587
347,987
347,442
347,152
347,338
347,590
347,183
348,756
348,670
348,395
348,422
348,533
348,891
348,413
348,909
348,719
348,163
348,180
349,903
349,805
349,356
349,654
349,165
349,743
349,947
349,115
349,380
349,285
349,323
350,57
350,677
350,330
350,358
350,987
350,428
350,687
350,663
350,234
350,716
350,938
351,941
351,236
351,994
351,317
351,748
351,158
351,343
351,181
351,620
351,237
351,763
351,985
351,506
352,987
352,109
352,270
352,887
352,60
352,767
352,495
352,979
352,564
352,248
353,526
353,526
353,516
353,277
353,745
353,360
353,677
353,498
354,453
354,656
354,481
354,816
354,144
354,387
355,332
355,201
355,100
355,106
355,725
355,802
356,896
356,283
356,564
356,52
356,710
356,837
357,256
357,905
357,607
357,183
357,387
357,84
357,228
357,361
357,522
357,743
358,335
358,253
358,811
358,741
358,952
358,293
358,932
358,445
358,966
358,64
359,914
359,787
359,980
359,857
359,439
359,877
359,131
360,850
360,291
360,381
360,750
360,874
360,681
360,166
360,591
360,391
360,711
360,884
360,64
360,483
361,347
361,282
361,207
361,209
361,941
361,147
361,337
361,248
361,58
361,995
361,815
361,604
361,129
361,160
362,325
362,507
362,740
362,615
362,754
362,103
363,778
363,595
363,174
363,196
363,161
364,833
364,791
364,403
364,706
364,477
364,415
364,198
365,703
365,806
365,84
365,48
365,816
365,65
365,589
365,253
365,183
365,933
366,511
366,210
366,555
366,40
366,930
366,793
366,88
367,128
367,879
367,978
367,422
367,825
367,159
368,631
368,257
368,977
368,595
368,187
368,716
368,150
368,509
369,313
369,666
369,641
369,771
369,353
369,958
370,700
370,932
370,394
370,953
370,792
370,320
370,386
370,469
370,609
370,85
371,533
371,191
371,105
371,531
371,710
371,379
372,997
372,823
372,129
372,890
372,841
372,956
372,564
372,430
372,823
372,231
372,735
372,951
372,379
372,959
373,658
373,346
373,241
373,624
373,989
373,952
373,288
373,147
373,16
373,837
374,930
374,950
374,91
374,659
374,566
375,347
375,19
375,271
375,351
375,766
375,250
375,5
375,594
375,314
375,132
375,600
375,820
376,913
376,287
376,188
376,434
376,249
376,987
376,54
376,123
376,881
376,944
376,625
377,655
377,364
377,821
377,771
377,563
377,551
377,437
377,673
377,203
378,434
378,364
378,925
378,862
378,9
378,810
378,786
378,692
378,745
378,938
378,685
378,270
379,161
379,27
379,195
379,369
379,136
380,713
380,258
380,556
380,383
380,348
380,719
380,410
380,146
380,222
381,687
381,430
381,110
381,714
381,646
381,696
381,430
381,500
381,97
382,576
382,447
382,870
382,158
382,116
382,196
382,835
382,514
382,999
382,426
382,364
382,494
382,68
382,151
383,678
383,985
383,213
383,349
383,439
383,480
383,19
383,152
384,699
384,772
384,866
384,432
384,884
384,892
384,784
384,291
384,549
385,360
385,627
385,208
385,431
385,766
385,384
385,770
385,719
385,999
385,490
386,54
386,90
386,888
386,693
386,484
386,69
387,670
387,114
387,15
387,550
387,856
387,953
387,942
388,929
388,302
388,908
388,462
388,807
388,214
388,772
388,817
388,872
388,532
389,43
389,65
389,947
389,189
389,424
389,279
390,392
390,538
390,597
390,138
390,164
391,231
391,726
391,181
391,328
391,384
391,867
391,811
391,196
391,825
391,675
391,320
392,152
392,668
392,843
392,252
392,777
392,242
393,684
393,805
393,957
393,432
393,57
394,89
394,737
394,779
394,112
394,305
394,727
394,327
394,993
394,849
395,159
395,232
395,968
395,218
395,118
395,604
395,143
395,373
396,51
396,393
396,286
396,858
396,568
396,278
397,112
397,585
397,665
397,135
397,122
398,615
398,62
398,750
398,882
398,394
398,12
398,643
398,276
398,752
398,642
399,431
399,986
399,17
399,672
399,430
399,584
399,482
399,216
399,331
399,427
400,280
400,486
400,126
400,631
400,771
400,156
400,97
400,6
400,678
401,52
401,782
401,668
401,361
401,828
401,896
401,326
401,516
401,860
401,34
401,507
402,954
402,970
402,433
402,144
402,893
402,666
402,375
402,765
402,261
402,700
402,271
402,727
402,467
402,270
403,551
403,239
403,347
403,124
403,62
403,568
403,982
403,466
404,748
404,864
404,810
404,523
404,857
404,101
405,351
405,913
405,65
405,295
405,536
405,957
405,26
405,395
405,102
405,842
405,174
405,430
405,775
405,851
406,70
406,739
406,50
406,261
406,408
406,555
406,462
407,9
407,185
407,76
407,32
407,503
407,296
408,661
408,416
408,45
408,791
408,885
408,406
409,188
409,257
409,976
409,119
409,339
409,198
410,921
410,346
410,817
410,720
410,130
410,520
410,669
411,705
411,422
411,875
411,340
411,184
411,272
411,251
411,266
411,868
411,926
411,638
411,375
411,282
411,463
412,457
412,473
412,153
412,825
412,286
412,932
412,581
412,793
412,86
412,65
412,85
412,982
413,264
413,549
413,575
413,5
413,626
414,603
414,58
414,683
414,391
414,367
414,706
415,867
415,81
415,832
415,42
415,23
415,820
415,244
415,836
416,318
416,104
416,867
416,869
416,550
416,460
416,882
416,439
416,560
416,448
416,19
417,726
417,404
417,566
417,273
417,81
417,838
417,688
417,162
417,93
417,55
417,455
417,167
417,835
418,454
418,320
418,142
418,698
418,458
418,396
418,153
418,972
418,716
418,507
418,864
419,991
419,294
419,548
419,300
419,430
419,519
419,100
419,591
419,21
419,268
419,306
419,295
419,416
420,381
420,717
420,959
420,462
420,413
420,834
420,361
420,712
420,567
421,522
421,130
421,777
421,216
421,399
421,129
422,25
422,423
422,624
422,421
422,264
422,864
422,271
422,398
422,186
422,206
422,737
422,926
422,558
422,16
423,415
423,972
423,14
423,365
423,560
423,129
423,329
423,817
423,352
423,30
423,449
424,766
424,882
424,929
424,437
424,357
424,735
424,481
424,63
424,383
425,56
425,272
425,659
425,3
425,443
426,970
426,114
426,481
426,963
426,385
426,766
426,690
426,640
426,673
426,207
427,883
427,583
427,199
427,204
427,255
427,481
427,961
428,843
428,475
428,461
428,693
428,183
428,198
428,295
428,454
428,329
428,477
428,547
429,461
429,574
429,523
429,412
429,156
429,470
429,82
430,698
430,613
430,598
430,380
430,194
430,520
430,386
430,396
430,669
430,725
430,881
431,166
431,850
431,404
431,785
431,877
431,661
431,836
431,311
431,554
431,120
431,767
432,831
432,606
432,584
432,362
432,149
432,900
432,48
432,157
432,60
432,297
433,935
433,782
433,575
433,32
433,711
433,935
433,252
433,473
433,308
433,920
433,270
433,378
433,446
433,630
434,370
434,615
434,507
434,349
434,393
435,71
435,854
435,203
435,652
435,153
435,131
435,763
435,242
436,778
436,802
436,53
436,988
436,405
436,226
436,636
436,170
437,943
437,858
437,491
437,573
437,312
438,105
438,295
438,208
438,349
438,640
438,964
438,17
438,627
438,183
438,285
438,814
438,717
438,333
438,430
439,799
439,101
439,93
439,962
439,467
440,501
440,384
440,373
440,870
440,581
440,341
440,536
440,365
440,848
441,523
441,809
441,255
441,326
441,292
441,562
441,284
441,766
441,297
441,696
441,501
441,885
441,554
441,134
442,57
442,139
442,432
442,299
442,406
442,585
442,928
442,463
442,789
442,1
442,694
442,530
443,894
443,759
443,571
443,595
443,271
443,506
443,213
443,859
443,959
444,188
444,100
444,105
444,776
444,977
445,207
445,435
445,994
445,314
445,124
445,543
445,381
445,690
445,133
445,133
445,995
445,929
445,754
445,299
446,950
446,825
446,455
446,51
446,327
446,38
446,908
446,823
447,446
447,149
447,420
447,126
447,547
447,962
447,426
447,902
447,57
447,517
447,281
447,971
448,52
448,305
448,466
448,371
448,978
448,108
448,550
449,911
449,623
449,50
449,563
449,894
449,76
449,11
449,267
449,149
449,211
449,379
449,586
450,66
450,190
450,295
450,658
450,355
450,170
450,558
450,517
450,620
451,685
451,980
451,246
451,288
451,747
451,341
451,660
451,572
451,538
451,49
451,753
451,794
451,472
452,793
452,973
452,472
452,579
452,59
452,828
452,722
452,389
452,18
452,747
452,662
452,809
453,411
453,724
453,700
453,892
453,483
453,477
453,37
453,173
454,973
454,281
454,593
454,507
454,773
454,842
455,155
455,667
455,11
455,447
455,645
455,691
455,445
456,873
456,371
456,14
456,768
456,781
456,191
456,299
456,108
457,161
457,722
457,656
457,137
457,892
457,581
458,462
458,606
458,897
458,805
458,476
458,509
458,456
459,987
459,571
459,506
459,363
459,499
459,874
459,659
459,251
459,603
459,603
460,91
460,872
460,116
460,806
460,374
460,847
460,510
460,178
460,139
460,926
460,212
461,429
461,772
461,476
461,13
461,536
462,620
462,933
462,65
462,277
462,101
462,855
462,414
462,789
462,822
462,192
463,172
463,75
463,905
463,496
463,47
463,239
463,542
463,105
463,590
463,736
463,896
463,397
463,995
463,796
464,488
464,140
464,148
464,537
464,112
464,78
464,319
465,194
465,691
465,167
465,675
465,11
465,413
465,705
465,749
465,294
466,268
466,87
466,734
466,718
466,973
466,815
467,390
467,969
467,343
467,875
467,905
467,760
467,468
467,762
467,401
467,753
468,418
468,259
468,24
468,562
468,966
468,348
468,244
468,58
468,877
469,724
469,13
469,778
469,181
469,939
469,685
469,917
469,529
469,755
469,162
469,681
470,504
470,435
470,914
470,934
470,19
470,905
470,436
470,333
470,507
471,861
471,862
471,111
471,570
471,833
471,124
471,305
471,234
471,427
471,931
471,253
471,241
471,291
472,687
472,602
472,437
472,600
472,675
472,813
472,160
473,999
473,57
473,563
473,268
473,543
473,515
473,43
473,642
473,181
473,935
474,909
474,181
474,706
474,936
474,274
474,375
475,668
475,718
475,897
475,307
475,973
475,452
475,973
475,986
475,53
475,497
475,146
475,730
475,75
476,682
476,114
476,174
476,987
476,509
476,620
476,940
476,703
476,885
477,764
477,713
477,149
477,274
477,557
477,27
478,419
478,375
478,470
478,59
478,904
478,216
478,817
478,324
478,238
478,962
478,527
479,753
479,70
479,256
479,443
479,823
479,773
479,934
479,615
479,616
480,368
480,995
480,928
480,278
480,601
480,764
480,184
480,919
480,146
481,362
481,557
481,589
481,179
481,971
481,492
481,772
481,55
481,31
481,43
481,90
482,19
482,442
482,217
482,143
482,703
482,709
482,40
482,937
482,213
482,417
482,23
482,815
483,728
483,740
483,286
483,371
483,419
483,351
483,185
483,827
483,476
483,895
483,960
484,548
484,653
484,645
484,791
484,639
484,605
484,41
484,685
484,121
484,125
484,791
484,708
484,305
485,368
485,532
485,29
485,27
485,493
485,598
485,363
485,666
486,947
486,388
486,958
486,793
486,849
486,341
486,822
486,293
486,803
487,345
487,867
487,943
487,856
487,493
487,679
487,372
487,18
487,419
487,910
487,626
488,161
488,848
488,190
488,14
488,105
489,476
489,744
489,736
489,854
489,532
489,709
489,493
489,302
490,370
490,926
490,421
490,46
490,60
490,970
490,466
490,637
490,891
490,878
491,30
491,269
491,704
491,609
491,418
491,236
491,372
492,11
492,268
492,553
492,363
492,517
492,419
492,338
492,37
492,832
492,320
493,125
493,54
493,585
493,208
493,31
493,869
493,950
493,847
493,440
493,340
493,915
493,672
493,261
494,374
494,763
494,676
494,441
494,386
494,364
494,262
494,841
494,984
494,146
494,87
494,571
494,835
495,774
495,370
495,968
495,391
495,397
495,897
496,321
496,92
496,408
496,459
496,73
496,181
496,604
496,336
496,758
496,559
496,617
497,528
497,786
497,898
497,443
497,866
497,699
497,792
497,238
497,128
497,561
497,760
497,386
498,738
498,2
498,812
498,497
498,879
498,504
499,459
499,817
499,843
499,777
499,67
499,570
499,710
500,807
500,38
500,714
500,554
500,901
500,789
500,776
500,29
500,893
500,938
500,93
500,564
501,560
501,236
501,595
501,415
501,297
501,4
501,892
501,978
501,439
501,280
502,120
502,189
502,420
502,250
502,323
502,309
502,743
502,436
502,445
503,353
503,929
503,692
503,536
503,558
503,13
503,623
503,482
503,197
503,499
503,188
504,126
504,384
504,315
504,825
504,827
504,295
504,365
504,363
504,349
504,136
504,246
504,657
504,32
504,437
505,777
505,680
505,825
505,848
505,301
506,957
506,806
506,853
506,383
506,371
506,410
506,973
506,475
506,752
506,825
506,508
506,435
506,225
507,754
507,218
507,617
507,597
507,498
507,105
507,631
507,602
508,818
508,167
508,977
508,184
508,646
508,692
508,374
508,286
509,813
509,467
509,972
509,236
509,464
509,335
510,235
510,547
510,284
510,354
510,263
510,580
511,675
511,972
511,74
511,210
511,362
511,824
511,243
511,471
512,738
512,819
512,257
512,243
512,738
512,691
512,220
513,71
513,492
513,72
513,564
513,256
513,580
513,136
513,501
513,375
513,240
513,70
513,289
514,564
514,363
514,868
514,265
514,308
514,98
515,367
515,986
515,737
515,16
515,701
515,231
515,707
516,600
516,326
516,128
516,568
516,697
516,564
516,472
517,988
517,142
517,141
517,240
517,572
517,267
517,628
517,584
517,197
517,753
517,766
517,359
517,77
518,294
518,44
518,172
518,343
518,803
518,801
518,515
518,78
518,694
518,752
518,93
518,966
518,378
518,23
519,259
519,160
519,573
519,702
519,182
519,101
519,675
519,352
520,657
520,178
520,758
520,148
520,752
520,606
520,108
520,329
520,897
520,673
521,51
521,114
521,751
521,38
521,669
521,90
521,207
521,453
521,260
522,273
522,935
522,220
522,393
522,594
522,228
522,483
523,496
523,81
523,241
523,190
523,957
523,888
523,641
523,658
523,599
523,519
524,885
524,453
524,176
524,769
524,59
524,601
524,872
524,207
525,390
525,642
525,308
525,785
525,705
525,739
525,247
525,63
525,500
525,191
525,336
525,50
525,991
525,566
526,39
526,37
526,62
526,120
526,503
526,902
526,125
527,847
527,997
527,637
527,894
527,576
527,861
527,511
527,498
527,995
527,35
527,894
528,385
528,382
528,926
528,639
528,904
528,237
528,876
528,407
528,847
528,290
528,321
529,470
529,711
529,23
529,851
529,481
529,260
529,116
529,375
530,65
530,11
530,233
530,424
530,127
531,298
531,894
531,970
531,807
531,373
531,141
531,144
531,755
531,833
532,255
532,81
532,373
532,468
532,390
532,938
532,395
532,713
532,806
532,807
532,194
532,155
532,392
532,183
533,322
533,641
533,255
533,83
533,961
533,393
534,968
534,716
534,818
534,118
534,313
534,606
534,361
534,956
534,31
534,678
534,250
535,769
535,674
535,613
535,33
535,466
535,548
535,899
535,708
535,196
535,712
535,790
535,334
535,803
535,682
536,512
536,506
536,966
536,552
536,560
536,377
536,878
536,446
536,794
536,490
536,443
536,774
536,321
536,641
537,998
537,985
537,394
537,116
537,814
537,865
537,561
537,874
537,907
537,183
537,375
538,534
538,736
538,202
538,77
538,511
539,267
539,486
539,440
539,487
539,418
539,948
539,302
539,40
539,471
539,508
539,967
540,672
540,590
540,385
540,961
540,814
541,884
541,23
541,347
541,549
541,92
541,895
541,833
541,17
541,608
541,862
542,957
542,487
542,203
542,923
542,321
542,758
542,864
542,17
542,85
542,100
542,187
543,247
543,383
543,598
543,111
543,730
543,428
543,362
543,268
543,154
543,870
543,258
543,139
544,675
544,455
544,372
544,78
544,965
544,942
544,853
544,380
544,431
544,784
544,430
544,916
545,72
545,907
545,477
545,675
545,429
545,561
545,676
545,200
545,931
545,649
545,522
546,335
546,388
546,20
546,179
546,593
546,974
547,248
547,50
547,982
547,312
547,179
548,127
548,528
548,329
548,223
548,149
548,547
548,920
548,731
548,369
548,944
548,377
549,310
549,774
549,850
549,295
549,779
549,974
549,204
549,986
549,440
549,786
549,319
549,61
549,873
549,291
550,999
550,887
550,558
550,343
550,170
550,111
550,792
550,456
550,406
550,914
550,80
551,78
551,548
551,442
551,466
551,379
551,41
551,474
552,492
552,670
552,506
552,325
552,467
552,395
553,651
553,678
553,953
553,412
553,654
553,740
553,546
553,557
553,494
553,922
553,17
553,549
553,354
554,325
554,743
554,240
554,200
554,770
555,806
555,458
555,657
555,288
555,67
555,603
555,776
555,24
555,420
556,126
556,893
556,741
556,258
556,338
556,273
557,667
557,714
557,924
557,249
557,292
557,594
558,616
558,838
558,71
558,175
558,187
558,652
558,644
558,698
558,114
558,229
558,319
559,821
559,141
559,4
559,876
559,892
559,481
559,561
559,64
559,923
559,381
559,297
559,262
559,172
559,593
560,69
560,828
560,376
560,209
560,411
560,397
560,822
560,909
560,418
560,700
560,474
560,729
561,363
561,236
561,19
561,234
561,233
562,528
562,802
562,285
562,637
562,155
562,842
562,94
562,846
562,928
562,467
563,367
563,203
563,180
563,233
563,811
563,809
563,613
563,33
563,882
563,822
563,550
563,402
564,148
564,944
564,32
564,221
564,747
564,530
564,931
564,639
564,163
564,264
564,726
564,36
564,175
564,520
565,620
565,941
565,680
565,545
565,49
565,341
565,145
565,543
565,83
565,833
565,332
565,720
566,520
566,655
566,117
566,936
566,586
566,976
566,503
566,443
566,18
566,621
566,450
566,208
566,196
566,632
567,280
567,360
567,335
567,600
567,482
567,367
568,686
568,274
568,210
568,708
568,625
568,519
568,725
568,309
568,7
568,560
568,991
569,358
569,574
569,492
569,566
569,784
569,525
569,386
569,449
569,40
569,941
569,523
569,110
570,324
570,595
570,263
570,573
570,664
570,905
570,302
570,441
570,808
570,736
570,548
570,526
570,935
570,560
571,359
571,704
571,334
571,660
571,74
571,874
571,432
572,180
572,390
572,189
572,231
572,288
572,318
572,681
572,740
572,711
572,270
572,934
572,203
572,784
572,904
573,790
573,447
573,926
573,709
573,467
574,881
574,409
574,235
574,723
574,177
574,805
574,254
574,655
574,420
574,592
574,551
575,4
575,911
575,362
575,183
575,84
575,696
575,352
575,1000
575,734
576,10
576,799
576,628
576,293
576,172
576,391
576,999
576,980
576,642
576,604
576,44
577,534
577,592
577,808
577,13
577,48
577,492
577,482
577,678
577,464
578,353
578,58
578,470
578,990
578,182
578,240
578,524
578,203
578,922
578,446
578,488
578,436
579,529
579,825
579,553
579,861
579,843
580,726
580,938
580,713
580,274
580,664
581,962
581,11
581,368
581,892
581,392
581,305
581,446
581,697
581,817
581,221
581,433
581,648
581,104
582,882
582,399
582,939
582,628
582,504
583,264
583,747
583,341
583,630
583,499
583,414
583,426
583,310
583,528
583,464
584,881
584,780
584,645
584,946
584,434
585,930
585,867
585,309
585,76
585,748
585,690
585,127
585,228
585,925
585,303
585,216
585,808
585,670
585,409
586,273
586,592
586,885
586,98
586,859
586,205
586,413
587,437
587,836
587,971
587,974
587,343
587,884
587,249
587,52
587,662
587,217
588,550
588,370
588,792
588,386
588,810
588,869
589,505
589,139
589,633
589,886
589,498
589,216
589,310
589,877
589,53
590,462
590,527
590,865
590,504
590,378
590,199
590,53
590,123
590,218
590,739
590,485
591,979
591,491
591,526
591,881
591,706
591,623
591,646
591,621
591,274
591,856
591,178
591,20
591,531
592,293
592,473
592,284
592,985
592,593
593,369
593,522
593,1000
593,161
593,994
593,986
593,380
593,16
593,888
593,528
593,815
594,144
594,870
594,102
594,386
594,981
594,833
594,989
594,128
594,506
594,729
594,458
595,977
595,269
595,522
595,453
595,807
596,433
596,612
596,141
596,76
596,635
597,682
597,244
597,531
597,977
597,428
597,532
597,800
597,822
597,408
597,744
597,762
598,495
598,790
598,909
598,479
598,407
598,987
598,484
599,93
599,35
599,104
599,583
599,870
599,524
599,555
599,989
599,893
599,700
599,749
600,193
600,132
600,135
600,390
600,287
600,236
600,122
601,244
601,982
601,674
601,39
601,801
601,854
602,180
602,232
602,345
602,151
602,271
602,936
602,928
602,471
602,639
602,497
603,402
603,898
603,127
603,291
603,459
603,830
603,918
603,631
604,767
604,298
604,196
604,290
604,781
604,970
604,801
605,720
605,584
605,202
605,288
605,213
605,352
605,404
605,590
605,728
605,905
605,803
605,191
606,539
606,635
606,412
606,762
606,499
606,773
606,610
606,774
606,762
606,408
606,410
606,337
607,444
607,189
607,836
607,453
607,1
607,61
607,284
608,919
608,843
608,917
608,272
608,392
608,129
608,990
608,317
608,863
608,679
608,745
608,248
609,112
609,537
609,959
609,952
609,960
609,437
609,430
609,330
609,148
609,719
610,380
610,401
610,730
610,217
610,580
610,843
610,356
610,544
610,649
610,330
610,620
610,957
610,421
610,871
611,823
611,7
611,42
611,446
611,773
611,782
611,743
611,110
611,72
611,858
611,956
611,450
612,478
612,11
612,866
612,228
612,864
612,324
612,993
613,686
613,404
613,722
613,820
613,130
613,973
613,394
613,927
613,531
613,388
613,240
613,578
614,176
614,626
614,947
614,49
614,470
614,5
614,655
614,933
614,631
614,360
614,665
614,486
615,636
615,327
615,391
615,534
615,867
615,344
615,877
615,963
615,147
615,556
615,162
615,376
615,813
615,62
616,149
616,444
616,191
616,979
616,303
617,946
617,953
617,874
617,377
617,192
617,756
618,214
618,590
618,906
618,269
618,988
618,24
618,986
618,963
618,561
619,341
619,481
619,262
619,229
619,614
619,307
619,667
619,21
619,996
619,446
619,395
619,886
619,623
620,744
620,995
620,466
620,760
620,621
620,143
620,397
620,998
620,323
620,264
620,878
620,637
621,669
621,549
621,534
621,161
621,820
621,256
621,498
621,849
622,424
622,818
622,263
622,867
622,873
622,586
622,580
622,803
622,852
622,587
622,63
622,884
623,390
623,355
623,580
623,234
623,470
623,837
623,636
623,486
623,541
624,517
624,490
624,631
624,922
624,698
624,975
624,594
624,401
624,824
624,774
624,509
624,332
625,361
625,879
625,152
625,15
625,460
626,599
626,906
626,536
626,972
626,836
626,788
626,681
626,270
626,312
626,84
626,657
627,224
627,162
627,505
627,281
627,259
627,889
627,789
627,68
627,519
627,903
627,820
628,706
628,124
628,794
628,613
628,519
628,195
628,777
628,317
628,641
628,568
628,793
628,396
628,579
628,305
629,660
629,795
629,522
629,862
629,81
629,847
629,935
629,581
629,817
630,338
630,51
630,519
630,297
630,577
630,116
630,478
630,560
630,675
630,725
630,929
630,102
631,623
631,995
631,896
631,993
631,769
631,42
631,173
631,781
631,322
632,130
632,206
632,348
632,112
632,680
632,13
632,897
632,946
632,217
632,50
632,816
633,818
633,598
633,9
633,129
633,466
633,601
633,935
634,209
634,521
634,848
634,655
634,356
634,819
634,126
634,411
634,230
634,352
634,267
634,191
634,144
634,931
635,594
635,283
635,840
635,333
635,65
635,179
635,680
636,973
636,558
636,146
636,643
636,654
636,376
636,562
637,710
637,657
637,270
637,682
637,703
637,753
637,292
638,619
638,89
638,424
638,953
638,337
638,221
638,995
638,484
638,84
638,601
638,153
638,682
639,975
639,407
639,5
639,859
639,951
639,135
639,324
639,880
639,486
639,577
639,523
639,145
639,258
639,993
640,929
640,4
640,615
640,251
640,583
640,699
640,711
640,412
640,247
640,724
640,7
640,185
641,212
641,208
641,32
641,345
641,235
641,803
641,171
641,646
641,524
641,213
641,602
642,656
642,531
642,62
642,27
642,33
643,972
643,277
643,50
643,598
643,891
644,481
644,300
644,790
644,927
644,386
644,681
644,960
644,612
644,592
645,379
645,65
645,402
645,944
645,109
645,833
645,2
646,271
646,472
646,931
646,976
646,965
646,167
646,969
646,909
646,524
646,394
646,411
646,263
646,712
646,922
647,265
647,808
647,197
647,313
647,871
647,760
647,197
647,545
647,10
648,765
648,235
648,293
648,368
648,952
648,420
648,481
648,20
648,172
648,192
648,357
648,22
648,595
649,988
649,869
649,99
649,575
649,736
649,200
649,670
649,869
649,976
649,880
649,500
649,370
650,26
650,312
650,157
650,230
650,575
650,319
650,417
650,754
650,851
650,425
651,71
651,731
651,872
651,26
651,269
651,903
652,709
652,153
652,85
652,616
652,103
652,747
652,604
652,229
652,727
652,811
652,686
652,457
653,176
653,236
653,272
653,641
653,473
653,284
653,700
653,890
653,711
653,742
653,885
653,760
654,324
654,623
654,615
654,857
654,144
654,142
654,955
654,246
654,866
655,855
655,39
655,782
655,986
655,562
655,717
655,271
655,291
655,55
655,485
656,688
656,768
656,476
656,848
656,647
657,527
657,809
657,508
657,820
657,212
657,291
657,397
657,668
657,417
658,865
658,260
658,771
658,978
658,388
658,548
658,771
658,790
658,654
658,147
658,246
658,382
658,222
658,584
659,773
659,642
659,924
659,578
659,33
659,665
660,871
660,35
660,711
660,49
660,846
660,954
660,964
660,694
660,443
660,486
660,315
660,333
661,132
661,919
661,60
661,411
661,622
661,334
661,299
661,83
661,434
661,795
661,965
661,233
661,792
662,303
662,570
662,240
662,289
662,712
662,256
662,269
662,737
662,320
663,652
663,546
663,270
663,207
663,729
663,346
664,824
664,600
664,41
664,450
664,647
664,911
664,703
664,462
664,998
664,961
664,74
664,319
665,691
665,48
665,845
665,756
665,132
665,602
665,446
665,892
665,333
665,786
665,414
665,220
665,301
666,667
666,187
666,229
666,478
666,827
666,187
666,647
666,345
667,753
667,816
667,302
667,346
667,880
667,728
667,505
667,284
667,565
667,369
667,384
668,14
668,247
668,155
668,519
668,839
668,413
668,790
668,698
668,887
669,484
669,224
669,944
669,91
669,775
669,109
669,780
669,471
669,454
669,840
669,261
670,940
670,561
670,283
670,985
670,571
670,402
670,194
670,926
670,984
670,903
670,340
670,152
671,672
671,778
671,359
671,482
671,553
671,310
671,401
671,755
671,10
671,31
672,804
672,850
672,166
672,179
672,34
672,584
672,970
672,503
672,115
672,139
672,85
672,294
672,364
673,470
673,757
673,534
673,639
673,361
674,703
674,589
674,111
674,167
674,206
674,271
674,169
674,670
674,135
674,382
674,552
674,503
674,583
674,319
675,871
675,425
675,185
675,30
675,655
675,796
675,491
675,910
675,345
675,241
675,208
675,488
675,598
675,518
676,890
676,305
676,272
676,114
676,209
676,53
677,233
677,406
677,139
677,685
677,696
677,173
677,187
677,603
677,891
678,343
678,977
678,855
678,920
678,965
678,137
678,830
678,717
678,450
678,533
678,551
678,500
679,922
679,742
679,789
679,879
679,199
679,724
679,117
679,254
679,748
679,823
680,573
680,783
680,463
680,36
680,601
680,377
680,93
680,338
680,769
680,335
680,86
680,309
681,827
681,403
681,556
681,246
681,972
681,555
681,615
681,490
681,232
681,93
681,999
682,308
682,797
682,737
682,608
682,286
682,746
682,957
682,504
682,362
682,169
683,189
683,241
683,941
683,211
683,268
683,13
683,843
683,199
683,303
683,655
683,983
683,55
683,684
683,312
684,364
684,111
684,126
684,287
684,60
684,388
684,146
684,375
684,199
684,674
684,223
684,695
684,109
684,242
685,240
685,366
685,497
685,132
685,687
685,885
685,219
686,316
686,575
686,459
686,899
686,436
686,13
686,647
686,643
686,763
686,681
687,831
687,452
687,338
687,136
687,390
687,994
687,388
687,535
688,103
688,860
688,279
688,978
688,548
688,426
688,900
688,997
688,366
688,606
688,251
689,835
689,132
689,139
689,784
689,253
689,512
689,108
689,544
689,483
689,666
689,408
690,378
690,321
690,786
690,78
690,762
690,721
690,616
690,392
690,247
690,341
690,12
691,191
691,932
691,490
691,33
691,257
691,861
691,694
691,548
691,837
691,194
691,612
692,971
692,96
692,575
692,755
692,996
692,117
692,659
692,836
692,768
692,894
692,409
693,802
693,494
693,337
693,622
693,528
693,38
693,856
693,666
693,821
693,881
693,974
693,457
693,229
693,952
694,21
694,406
694,6
694,5
694,619
694,341
695,763
695,68
695,386
695,546
695,821
695,875
695,32
695,853
695,482
695,405
696,47
696,245
696,886
696,645
696,956
696,520
696,250
696,792
696,199
696,419
696,477
696,83
696,103
697,21
697,365
697,429
697,486
697,733
697,591
697,469
698,435
698,763
698,854
698,250
698,143
699,707
699,440
699,814
699,152
699,167
699,181
699,4
699,577
699,158
699,770
700,343
700,225
700,246
700,8
700,988
700,954
700,590
700,646
700,414
700,137
700,807
701,594
701,788
701,253
701,489
701,708
701,356
701,17
701,814
701,971
701,371
701,972
701,367
702,184
702,272
702,533
702,35
702,105
702,804
702,309
702,480
702,611
702,170
702,319
702,685
703,231
703,138
703,756
703,967
703,45
703,47
703,267
703,150
703,944
704,914
704,869
704,212
704,983
704,836
704,978
704,614
704,340
705,600
705,485
705,31
705,388
705,649
705,983
705,314
705,149
706,976
706,189
706,64
706,574
706,62
706,473
706,863
706,815
706,352
706,411
706,791
707,17
707,729
707,260
707,903
707,309
708,831
708,956
708,134
708,613
708,142
708,384
708,353
709,508
709,314
709,829
709,677
709,915
709,309
709,423
709,296
709,899
709,927
709,983
709,756
710,107
710,967
710,646
710,780
710,258
710,826
710,187
710,643
710,900
710,994
711,384
711,324
711,487
711,130
711,389
711,381
712,642
712,363
712,83
712,952
712,442
712,500
712,366
712,343
712,602
712,875
712,470
712,458
712,684
713,530
713,618
713,781
713,390
713,549
713,6
713,579
713,905
713,241
713,241
713,663
713,634
714,935
714,136
714,434
714,907
714,852
714,202
714,775
714,396
714,949
714,768
714,75
714,13
715,253
715,287
715,880
715,488
715,638
715,527
716,298
716,657
716,993
716,153
716,868
716,978
716,885
716,981
716,572
716,205
716,415
716,327
716,424
717,204
717,515
717,143
717,628
717,230
717,501
717,906
717,163
717,808
717,354
717,723
717,742
718,417
718,47
718,426
718,96
718,437
718,921
718,985
718,190
718,450
719,485
719,679
719,90
719,13
719,928
719,742
719,733
719,455
720,952
720,743
720,558
720,706
720,835
720,299
720,136
720,416
720,739
720,581
720,491
720,117
721,550
721,168
721,204
721,35
721,142
721,810
721,707
721,595
721,766
721,869
721,35
721,820
721,795
722,587
722,659
722,803
722,688
722,652
722,214
722,476
723,574
723,946
723,193
723,15
723,612
723,1000
723,267
723,419
723,656
723,420
723,685
723,395
723,385
724,532
724,230
724,832
724,946
724,431
724,104
724,679
724,831
724,59
725,785
725,136
725,254
725,468
725,748
725,878
725,883
726,454
726,539
726,618
726,814
726,435
726,167
726,336
726,581
726,877
726,390
726,927
727,889
727,432
727,189
727,588
727,613
727,373
727,295
727,99
727,617
727,355
728,948
728,965
728,889
728,470
728,180
728,20
728,5
728,904
728,317
728,223
728,603
728,908
728,277
728,363
729,865
729,149
729,381
729,325
729,417
729,543
730,147
730,327
730,738
730,100
730,340
731,198
731,444
731,481
731,30
731,809
731,886
731,507
732,615
732,120
732,526
732,748
732,410
732,583
732,510
732,150
732,222
733,34
733,1000
733,68
733,191
733,975
733,855
733,521
733,94
733,844
733,44
734,855
734,116
734,780
734,444
734,105
734,607
735,572
735,989
735,495
735,121
735,508
735,260
735,11
735,522
735,95
735,806
735,52
735,115
736,127
736,950
736,17
736,923
736,861
736,372
736,867
736,506
736,586
736,316
736,385
736,579
736,762
736,916
737,954
737,385
737,620
737,440
737,963
737,480
737,109
737,488
737,761
737,322
737,244
738,262
738,583
738,50
738,67
738,439
738,24
738,467
738,59
738,103
738,85
738,433
738,15
739,497
739,224
739,253
739,697
739,208
739,706
739,382
739,179
740,847
740,474
740,648
740,400
740,545
740,299
740,519
740,359
740,671
740,369
741,500
741,476
741,344
741,238
741,718
742,648
742,100
742,236
742,313
742,748
742,163
742,373
742,782
742,718
742,399
742,695
743,55
743,73
743,222
743,227
743,590
743,339
743,489
743,118
743,167
743,654
743,321
743,470
743,710
744,459
744,685
744,714
744,807
744,332
744,652
745,243
745,923
745,759
745,975
745,186
745,800
745,440
745,259
745,656
745,1
745,87
746,936
746,964
746,919
746,326
746,896
746,736
746,994
746,891
746,863
747,121
747,456
747,614
747,536
747,387
747,338
747,563
747,316
747,918
747,111
747,554
748,97
748,176
748,472
748,752
748,466
748,596
748,410
748,567
748,73
749,760
749,390
749,129
749,413
749,212
750,551
750,580
750,726
750,722
750,978
750,635
750,698
750,511
750,398
750,736
751,331
751,539
751,769
751,250
751,241
751,291
751,976
751,600
751,219
751,765
751,825
751,198
751,154
751,555
752,36
752,703
752,768
752,367
752,162
753,269
753,485
753,321
753,930
753,815
753,808
753,374
753,448
753,324
753,999
754,384
754,973
754,785
754,608
754,827
754,469
754,910
754,834
755,491
755,140
755,7
755,263
755,108
755,551
755,744
756,14
756,672
756,735
756,937
756,589
756,354
756,970
756,934
757,866
757,814
757,799
757,160
757,958
758,338
758,666
758,588
758,456
758,628
758,10
758,68
758,814
758,800
758,496
758,297
759,228
759,588
759,762
759,983
759,510
759,407
759,988
759,577
759,384
759,669
759,805
760,542
760,557
760,768
760,591
760,880
760,563
760,484
760,751
760,210
761,165
761,305
761,228
761,5
761,933
761,19
761,137
761,122
762,137
762,275
762,970
762,412
762,165
762,426
763,757
763,935
763,696
763,645
763,371
763,521
764,388
764,556
764,104
764,402
764,78
764,792
764,235
764,917
764,690
764,428
764,797
764,91
764,701
765,696
765,308
765,325
765,224
765,284
765,630
765,329
765,762
766,68
766,690
766,55
766,184
766,872
767,24
767,709
767,394
767,430
767,570
767,199
767,762
767,754
767,578
767,802
768,97
768,676
768,491
768,448
768,714
768,116
768,790
768,744
768,543
768,59
768,73
768,397
768,279
769,791
769,408
769,300
769,862
769,432
769,375
769,900
769,845
769,411
769,701
770,77
770,746
770,1000
770,222
770,211
770,961
770,140
770,254
770,32
770,501
770,482
770,10
771,866
771,72
771,968
771,646
771,4
771,795
771,597
771,466
771,29
771,83
771,341
771,178
772,50
772,700
772,366
772,777
772,447
772,337
772,865
772,136
772,896
773,815
773,369
773,460
773,90
773,973
773,798
773,926
773,995
774,894
774,66
774,340
774,989
774,485
774,746
775,881
775,846
775,760
775,518
775,160
775,593
775,909
775,461
776,804
776,752
776,242
776,938
776,993
776,171
776,799
776,798
776,754
776,333
776,119
776,977
776,829
777,234
777,503
777,629
777,378
777,216
778,890
778,809
778,736
778,277
778,751
778,247
778,584
778,891
778,561
778,493
778,934
778,721
778,720
778,935
779,181
779,463
779,531
779,79
779,376
779,575
780,850
780,848
780,44
780,987
780,305
780,966
780,708
780,917
780,910
780,773
781,101
781,894
781,859
781,864
781,561
781,258
781,905
781,503
781,375
781,509
781,868
781,608
782,107
782,91
782,483
782,910
782,841
782,426
782,503
782,15
782,122
782,171
782,184
783,10
783,140
783,936
783,273
783,369
783,706
783,488
783,77
783,314
783,61
784,797
784,365
784,926
784,996
784,493
784,53
784,603
784,355
784,353
784,178
784,947
784,712
784,873
785,87
785,72
785,583
785,384
785,746
785,542
785,990
786,439
786,813
786,132
786,583
786,309
786,125
786,962
786,117
786,951
786,936
786,497
786,520
787,497
787,31
787,622
787,916
787,78
787,320
787,725
787,947
787,922
787,757
787,666
787,115
787,302
788,592
788,731
788,297
788,164
788,761
788,856
788,799
788,131
788,268
788,884
788,680
789,624
789,899
789,429
789,568
789,195
789,934
789,43
789,950
789,408
789,793
790,577
790,419
790,523
790,849
790,756
790,300
790,28
790,105
791,55
791,279
791,827
791,144
791,870
791,607
791,54
792,135
792,96
792,733
792,192
792,874
792,194
792,330
792,341
792,316
792,233
793,356
793,532
793,334
793,498
793,706
793,826
793,239
793,494
793,878
794,289
794,838
794,534
794,845
794,572
794,308
794,383
794,964
794,331
794,813
794,338
794,907
795,63
795,137
795,236
795,479
795,714
795,91
795,709
795,910
795,595
795,401
795,22
795,360
795,394
795,874
796,631
796,176
796,547
796,552
796,535
796,424
796,651
796,122
796,602
797,142
797,371
797,685
797,491
797,113
797,588
797,293
798,711
798,165
798,833
798,860
798,462
798,991
798,369
798,767
798,365
798,141
798,115
798,866
798,779
798,939
799,403
799,936
799,233
799,649
799,614
799,362
799,462
799,728
799,262
799,45
799,509
800,968
800,570
800,480
800,87
800,411
800,912
800,601
800,728
801,477
801,292
801,535
801,113
801,567
801,234
801,719
801,566
801,771
801,415
801,640
801,802
802,405
802,509
802,555
802,80
802,555
802,328
803,895
803,340
803,226
803,480
803,95
803,761
803,211
804,387
804,648
804,150
804,33
804,306
804,836
804,191
804,719
804,428
804,755
804,883
805,58
805,685
805,423
805,176
805,546
805,616
805,673
805,649
805,109
806,609
806,278
806,119
806,220
806,593
806,150
806,679
806,236
806,475
806,889
806,511
806,695
807,653
807,890
807,663
807,380
807,939
808,63
808,146
808,512
808,71
808,542
808,58
808,899
808,336
808,495
809,248
809,635
809,92
809,624
809,159
809,604
809,881
809,400
810,243
810,5
810,464
810,819
810,612
810,520
810,4
810,375
811,614
811,698
811,133
811,503
811,704
811,961
811,23
811,847
812,949
812,190
812,495
812,233
812,117
812,140
812,117
812,492
812,519
812,216
812,990
813,554
813,710
813,303
813,582
813,219
813,828
813,328
813,782
813,961
813,832
814,655
814,229
814,608
814,832
814,569
814,775
814,431
814,842
815,173
815,377
815,910
815,165
815,761
815,397
815,110
815,104
815,547
815,339
815,53
816,958
816,303
816,356
816,65
816,634
816,164
817,448
817,627
817,950
817,483
817,283
817,717
817,451
817,33
817,285
817,114
818,600
818,795
818,312
818,374
818,759
818,515
818,516
818,466
818,910
818,534
818,167
818,777
818,311
818,291
819,130
819,927
819,994
819,400
819,866
819,757
819,418
819,678
819,769
819,913
819,295
819,885
819,1000
820,166
820,227
820,613
820,42
820,872
821,616
821,670
821,9
821,809
821,620
822,727
822,864
822,732
822,953
822,305
822,875
822,51
822,737
822,595
822,911
823,428
823,8
823,55
823,502
823,937
823,841
824,626
824,818
824,526
824,132
824,618
824,3
824,600
825,447
825,159
825,231
825,980
825,129
825,920
825,666
825,31
825,922
825,20
826,956
826,463
826,405
826,707
826,375
826,673
826,818
827,775
827,210
827,959
827,676
827,805
827,319
827,898
827,388
828,714
828,983
828,738
828,343
828,9
829,572
829,131
829,464
829,295
829,59
829,687
829,131
829,654
830,675
830,907
830,900
830,36
830,394
831,81
831,311
831,672
831,736
831,829
831,720
831,180
831,800
832,619
832,59
832,520
832,352
832,937
832,435
832,467
832,470
832,130
833,842
833,443
833,90
833,696
833,117
833,887
833,892
833,787
834,799
834,152
834,586
834,65
834,213
834,311
834,529
834,505
834,787
834,141
835,274
835,347
835,130
835,155
835,194
835,374
835,37
835,723
835,131
835,189
836,357
836,156
836,986
836,750
836,215
836,832
836,753
837,803
837,859
837,857
837,932
837,304
837,846
837,128
837,302
838,597
838,24
838,378
838,733
838,264
838,652
838,919
838,579
838,158
839,563
839,299
839,654
839,947
839,398
839,250
839,490
839,362
839,365
839,492
839,502
839,661
839,383
839,235
840,272
840,312
840,365
840,291
840,273
840,858
840,830
840,560
840,531
840,288
840,281
840,155
840,115
840,377
841,778
841,287
841,784
841,825
841,151
841,578
841,568
841,697
842,518
842,893
842,594
842,795
842,319
842,679
842,119
842,57
842,425
842,1
842,554
842,649
842,477
842,738
843,504
843,716
843,573
843,783
843,539
843,451
843,453
843,801
843,395
843,463
843,801
843,486
844,867
844,887
844,989
844,332
844,784
845,580
845,949
845,691
845,197
845,603
845,30
845,546
845,208
845,953
846,689
846,478
846,890
846,131
846,87
846,36
847,857
847,401
847,308
847,369
847,376
847,990
847,8
847,164
847,387
848,911
848,492
848,248
848,479
848,982
848,269
848,535
848,824
848,29
848,642
849,590
849,331
849,334
849,819
849,578
849,381
849,610
849,786
849,193
849,192
849,184
849,485
849,994
849,38
850,948
850,321
850,343
850,849
850,704
850,409
850,387
850,685
850,580
850,744
850,793
850,857
850,245
851,861
851,574
851,882
851,134
851,55
851,598
851,811
851,815
851,259
851,256
851,188
851,287
851,411
851,609
852,167
852,61
852,305
852,695
852,263
852,355
852,397
852,726
852,133
852,951
852,324
852,799
852,44
852,20
853,690
853,67
853,665
853,565
853,413
853,617
853,900
853,644
853,630
853,843
853,413
854,283
854,812
854,935
854,555
854,739
854,500
854,505
855,991
855,465
855,41
855,792
855,343
855,618
855,628
855,207
855,939
855,357
856,513
856,224
856,825
856,183
856,287
856,315
856,845
856,570
856,907
856,338
856,590
856,317
856,253
856,249
857,232
857,202
857,544
857,393
857,227
857,989
857,550
858,200
858,361
858,811
858,162
858,601
858,420
859,259
859,170
859,137
859,26
859,59
859,118
859,838
859,987
859,863
859,991
859,87
860,159
860,792
860,538
860,430
860,57
860,229
860,14
860,77
860,782
860,822
860,405
860,288
860,618
860,124
861,924
861,860
861,714
861,391
861,657
861,658
861,587
861,351
861,928
861,379
861,17
861,392
861,970
862,891
862,205
862,519
862,612
862,49
862,46
862,251
862,722
863,579
863,849
863,812
863,813
863,462
863,238
863,364
864,525
864,262
864,291
864,764
864,944
864,44
864,267
864,653
864,203
864,10
864,498
864,944
864,241
864,769
865,416
865,682
865,100
865,713
865,185
865,881
866,191
866,639
866,730
866,313
866,878
867,906
867,261
867,472
867,214
867,259
867,953
867,956
868,15
868,791
868,8
868,113
868,681
868,839
868,753
868,303
868,793
868,822
868,929
868,132
869,205
869,664
869,611
869,878
869,935
869,537
869,964
870,882
870,259
870,593
870,180
870,766
870,341
871,57
871,597
871,821
871,844
871,292
871,521
871,872
871,371
871,831
871,258
872,487
872,705
872,792
872,726
872,580
872,989
873,32
873,727
873,52
873,133
873,841
873,994
873,736
873,774
873,554
873,310
873,550
873,658
874,941
874,353
874,81
874,762
874,314
874,274
874,549
874,272
874,293
875,846
875,462
875,74
875,407
875,333
875,998
875,21
876,830
876,264
876,104
876,728
876,757
876,293
876,995
877,429
877,577
877,803
877,872
877,226
877,338
878,466
878,362
878,602
878,268
878,263
878,171
878,632
878,349
878,760
878,345
878,208
878,96
879,129
879,257
879,713
879,519
879,23
879,113
879,91
879,339
879,402
879,245
879,305
879,927
879,370
879,586
880,920
880,906
880,113
880,381
880,722
880,462
880,385
881,495
881,446
881,610
881,282
881,717
881,146
881,121
881,660
881,566
881,922
881,696
882,506
882,72
882,844
882,818
882,33
883,95
883,640
883,403
883,570
883,24
883,315
883,616
883,608
883,235
883,229
884,709
884,277
884,113
884,284
884,160
884,396
884,942
884,607
884,571
884,180
884,101
885,55
885,261
885,630
885,784
885,905
885,966
885,583
885,854
885,809
885,372
885,556
885,13
885,910
886,745
886,332
886,877
886,411
886,406
886,488
886,296
886,941
886,713
887,754
887,535
887,117
887,827
887,252
887,219
888,494
888,106
888,203
888,619
888,323
888,673
888,510
888,852
888,229
888,627
888,818
888,156
889,973
889,274
889,325
889,123
889,989
889,167
889,692
889,291
889,176
889,146
889,690
889,691
889,946
889,330
890,292
890,521
890,93
890,9
890,271
890,52
890,591
890,997
890,38
890,53
890,782
890,146
890,382
891,849
891,301
891,909
891,431
891,688
891,904
891,893
891,443
891,747
891,646
892,442
892,416
892,787
892,935
892,291
892,808
892,232
892,695
892,570
892,460
893,648
893,831
893,425
893,616
893,224
894,414
894,93
894,509
894,585
894,674
894,542
894,539
894,990
894,447
895,166
895,578
895,324
895,789
895,371
895,799
895,989
895,831
896,787
896,813
896,750
896,372
896,590
896,749
896,753
896,38
896,177
896,239
896,985
897,248
897,736
897,172
897,394
897,550
898,862
898,410
898,236
898,189
898,540
898,810
898,691
898,630
898,443
898,324
898,313
899,488
899,710
899,154
899,687
899,310
899,649
899,477
899,329
899,76
899,137
899,189
899,123
900,93
900,49
900,531
900,663
900,476
901,316
901,402
901,329
901,401
901,923
902,423
902,87
902,652
902,85
902,331
902,534
902,461
902,181
903,667
903,140
903,969
903,321
903,200
903,157
903,372
903,762
903,99
903,259
903,281
904,770
904,775
904,94
904,995
904,97
905,454
905,768
905,385
905,766
905,841
905,570
905,267
905,226
905,862
906,323
906,660
906,825
906,288
906,583
906,712
906,216
906,52
906,996
906,295
906,359
907,53
907,882
907,828
907,213
907,949
908,354
908,773
908,172
908,101
908,42
908,76
908,831
908,790
909,395
909,628
909,265
909,207
909,727
909,335
909,220
909,50
909,673
910,39
910,313
910,769
910,460
910,781
910,387
911,834
911,648
911,93
911,909
911,625
911,599
911,832
911,879
911,311
912,322
912,619
912,741
912,963
912,426
912,575
912,211
912,828
912,449
912,962
912,818
913,540
913,466
913,113
913,574
913,322
913,577
913,548
913,472
913,944
913,33
914,875
914,455
914,397
914,572
914,557
914,740
914,907
914,692
914,826
914,899
914,693
914,682
914,222
915,521
915,37
915,690
915,629
915,50
915,308
915,502
915,208
915,583
916,65
916,999
916,793
916,850
916,812
916,628
916,649
916,421
916,647
916,843
916,884
916,465
917,725
917,877
917,320
917,783
917,963
917,94
917,120
917,343
918,155
918,623
918,129
918,587
918,707
918,25
918,971
918,717
918,453
918,523
918,56
918,700
918,323
918,244
919,22
919,180
919,789
919,896
919,257
919,59
919,225
919,746
919,353
919,166
919,588
919,742
919,701
919,115
920,941
920,878
920,8
920,610
920,305
921,134
921,654
921,69
921,532
921,863
921,664
921,431
921,320
921,24
921,858
922,381
922,765
922,354
922,747
922,730
922,716
922,119
922,322
922,255
922,712
923,821
923,455
923,26
923,25
923,678
923,363
924,195
924,959
924,921
924,985
924,608
925,399
925,590
925,976
925,263
925,7
925,758
925,68
925,309
925,650
925,838
925,762
926,776
926,423
926,109
926,693
926,532
926,112
926,592
926,579
926,61
926,506
927,323
927,599
927,791
927,304
927,27
927,132
927,583
927,218
927,765
928,459
928,287
928,294
928,628
928,463
928,142
929,36
929,367
929,868
929,754
929,12
929,158
930,978
930,60
930,776
930,359
930,892
930,258
930,752
931,156
931,522
931,71
931,517
931,65
931,629
931,967
931,477
931,412
931,327
931,406
932,681
932,620
932,821
932,552
932,544
932,693
932,130
932,379
932,58
932,941
933,167
933,492
933,889
933,789
933,288
933,960
933,673
933,911
933,234
933,445
933,369
933,934
933,298
934,886
934,380
934,288
934,461
934,266
934,2
934,369
934,229
934,556
934,757
934,851
934,348
935,378
935,861
935,290
935,688
935,911
935,975
935,394
935,516
935,286
935,576
935,203
935,20
936,905
936,486
936,138
936,104
936,298
936,155
937,367
937,574
937,83
937,834
937,185
937,890
937,474
937,857
937,76
937,822
938,316
938,657
938,966
938,108
938,298
938,941
938,881
938,396
938,6
938,103
938,967
938,134
938,351
938,964
939,398
939,909
939,212
939,205
939,813
939,636
939,32
939,138
939,872
940,134
940,277
940,512
940,233
940,51
940,785
940,517
940,393
940,714
940,325
940,244
940,597
941,745
941,920
941,983
941,940
941,133
941,959
942,615
942,535
942,806
942,49
942,472
942,238
942,200
942,983
942,621
942,319
942,832
942,836
942,14
943,29
943,735
943,461
943,778
943,56
943,39
944,508
944,939
944,782
944,840
944,34
945,517
945,852
945,689
945,507
945,769
946,383
946,88
946,679
946,244
946,45
946,707
946,391
946,459
946,479
946,405
946,222
947,732
947,333
947,593
947,977
947,953
947,493
947,60
947,381
948,13
948,23
948,235
948,411
948,530
948,330
948,946
948,775
948,17
948,796
948,698
948,841
948,571
948,78
949,804
949,905
949,641
949,782
949,255
950,440
950,814
950,109
950,498
950,586
950,258
950,468
950,115
950,457
950,491
950,716
950,9
950,175
951,911
951,711
951,673
951,908
951,425
951,620
951,536
952,741
952,464
952,42
952,223
952,750
952,499
952,161
952,481
953,25
953,372
953,210
953,575
953,590
953,975
953,269
953,191
953,222
953,986
953,512
953,417
953,728
953,69
954,367
954,105
954,860
954,804
954,905
954,625
954,462
954,393
954,547
954,334
954,492
954,130
954,868
954,341
955,464
955,17
955,300
955,840
955,150
955,634
956,501
956,179
956,163
956,589
956,458
956,393
956,427
956,682
956,635
957,857
957,875
957,45
957,196
957,605
957,54
957,654
957,419
957,121
958,746
958,243
958,342
958,826
958,886
958,187
958,937
959,575
959,224
959,318
959,486
959,505
959,515
959,624
960,63
960,577
960,30
960,309
960,413
960,707
960,141
960,234
960,404
961,314
961,445
961,372
961,773
961,667
962,138
962,879
962,431
962,919
962,524
962,79
962,570
963,222
963,787
963,828
963,102
963,216
963,101
963,659
963,519
963,854
963,234
963,26
963,263
963,957
964,655
964,140
964,621
964,898
964,507
965,655
965,10
965,732
965,206
965,911
965,563
965,745
966,442
966,890
966,865
966,762
966,162
966,369
966,754
966,871
966,344
966,967
966,875
966,897
967,690
967,614
967,125
967,58
967,998
967,240
967,935
967,610
967,63
967,974
968,906
968,224
968,776
968,852
968,186
968,929
969,813
969,967
969,830
969,244
969,739
969,783
969,811
970,395
970,475
970,749
970,13
970,333
970,66
970,606
970,900
971,927
971,782
971,417
971,848
971,214
971,943
971,177
971,872
971,980
971,933
972,510
972,596
972,348
972,411
972,703
972,531
972,735
972,430
973,44
973,311
973,959
973,93
973,417
973,342
973,961
973,502
974,372
974,520
974,81
974,313
974,951
974,928
974,621
975,937
975,343
975,483
975,558
975,426
976,882
976,379
976,619
976,337
976,233
976,381
976,904
976,755
976,506
976,386
977,24
977,72
977,984
977,138
977,907
977,372
977,929
977,681
977,588
978,798
978,653
978,432
978,86
978,319
978,883
978,218
978,447
978,423
978,717
978,450
978,539
978,311
978,787
979,266
979,899
979,370
979,675
979,228
979,933
979,579
979,445
979,233
980,735
980,478
980,970
980,393
980,409
980,684
980,686
980,986
980,893
980,678
980,961
980,177
980,581
980,667
981,980
981,350
981,626
981,221
981,665
981,860
981,103
982,440
982,798
982,962
982,332
982,222
982,237
982,404
982,345
982,299
982,472
983,151
983,339
983,508
983,401
983,100
983,470
983,640
983,704
983,197
983,917
983,132
983,681
984,382
984,312
984,611
984,764
984,469
984,668
984,28
984,705
984,564
984,315
984,81
985,337
985,622
985,494
985,193
985,209
985,185
985,35
985,951
985,876
985,488
986,217
986,806
986,160
986,861
986,210
986,776
986,710
986,919
986,707
986,458
987,355
987,22
987,590
987,658
987,472
987,358
987,78
987,564
987,587
987,728
987,28
987,715
988,875
988,286
988,53
988,862
988,211
988,425
988,906
988,699
988,963
988,523
988,157
988,735
989,928
989,865
989,136
989,544
989,579
989,193
989,573
989,573
989,496
989,858
989,116
990,993
990,611
990,957
990,470
990,477
990,110
991,44
991,813
991,882
991,826
991,197
991,503
991,560
991,509
991,384
991,811
991,660
991,806
992,876
992,54
992,321
992,83
992,567
992,734
992,153
992,859
992,331
992,638
992,493
993,26
993,981
993,969
993,79
993,870
993,621
993,393
993,279
993,658
993,722
993,713
993,4
993,566
994,307
994,779
994,224
994,761
994,539
994,577
994,178
994,932
994,58
994,349
994,254
995,139
995,168
995,643
995,644
995,767
995,543
995,837
995,691
995,954
995,309
995,385
995,467
995,678
995,139
996,7
996,402
996,204
996,713
996,678
996,927
996,163
996,107
996,610
996,153
997,375
997,90
997,112
997,698
997,920
997,357
997,584
997,211
997,463
997,476
997,878
998,701
998,768
998,272
998,517
998,826
998,668
998,714
998,448
998,9
998,665
998,202
998,960
999,609
999,402
999,985
999,523
999,93
999,488
999,736
999,641
999,578
1000,170
1000,860
1000,471
1000,367
1000,720
1000,238
1000,829
1000,805
1000,107
1000,400
1000,806
1000,825
1000,682
1000,170
