User,Reaction Type,Reaction Date
1,1,1588168107
2,3,1588168182
3,3,1588165833
4,2,1588167680
5,2,1588164462
6,1,1588163019
7,3,1588165163
8,1,1588163090
9,2,1588166386
10,1,1588163300
11,2,1588162947
12,2,1588165886
13,1,1588164416
14,1,1588166735
15,1,1588165031
16,3,1588162534
17,3,1588165987
18,2,1588164782
19,2,1588163605
20,2,1588161868
21,3,1588167601
22,2,1588165906
23,3,1588167191
24,1,1588161955
25,1,1588164260
26,1,1588161920
27,2,1588163781
28,3,1588167254
29,3,1588167897
30,3,1588169266
31,3,1588163820
32,3,1588161508
33,1,1588167023
34,2,1588167088
35,3,1588163304
36,1,1588163425
37,1,1588162486
38,1,1588160703
39,1,1588165588
40,1,1588166423
41,2,1588164163
42,3,1588163160
43,2,1588160845
44,2,1588169457
45,1,1588164467
46,1,1588165357
47,2,1588168722
48,1,1588162504
49,1,1588167989
50,3,1588163603
51,1,1588166952
52,2,1588167858
53,1,1588164887
54,2,1588165156
55,3,1588166024
56,1,1588159963
57,1,1588162365
58,2,1588162857
59,1,1588165179
60,2,1588164715
61,2,1588168348
62,1,1588164371
63,2,1588164529
64,3,1588165998
65,2,1588164783
66,2,1588164520
67,1,1588161427
68,1,1588165765
69,3,1588166275
70,1,1588162665
71,2,1588162142
72,2,1588165719
73,3,1588164696
74,1,1588168762
75,2,1588163372
76,2,1588164734
77,1,1588164937
78,2,1588167664
79,1,1588167472
80,3,1588161338
81,2,1588166316
82,2,1588162491
83,2,1588165427
84,1,1588165205
85,1,1588162936
86,3,1588164512
87,3,1588166656
88,1,1588162289
89,1,1588165760
90,3,1588168176
91,3,1588162853
92,1,1588161542
93,1,1588167414
94,1,1588166112
95,3,1588164306
96,1,1588161567
97,3,1588167123
98,3,1588165332
99,3,1588165386
100,1,1588167013
101,1,1588165952
102,3,1588167338
103,1,1588165093
104,2,1588165626
105,2,1588165173
106,1,1588162671
107,2,1588164875
108,2,1588165541
109,2,1588165603
110,3,1588164050
111,3,1588165203
112,1,1588164794
113,2,1588161386
114,2,1588166464
115,1,1588166351
116,1,1588166927
117,2,1588165138
118,2,1588166944
119,1,1588165131
120,1,1588161354
121,3,1588162831
122,2,1588162806
123,3,1588167667
124,2,1588166885
125,1,1588163033
126,2,1588166355
127,3,1588164654
128,2,1588163260
129,3,1588166626
130,2,1588163670
131,3,1588167590
132,1,1588164773
133,3,1588164284
134,1,1588166885
135,1,1588167554
136,2,1588167513
137,3,1588163223
138,2,1588163150
139,2,1588166689
140,2,1588163556
141,3,1588163314
142,3,1588168051
143,2,1588163677
144,1,1588167058
145,2,1588164926
146,1,1588161576
147,3,1588160822
148,2,1588163941
149,1,1588167049
150,1,1588164935
151,3,1588169639
152,2,1588168325
153,1,1588165284
154,2,1588163443
155,1,1588166526
156,1,1588167642
157,3,1588165562
158,3,1588162613
159,2,1588164409
160,3,1588167024
161,2,1588166244
162,3,1588166003
163,2,1588167961
164,2,1588165515
165,3,1588167151
166,2,1588164026
167,3,1588164541
168,3,1588166745
169,1,1588164951
170,1,1588164777
171,2,1588166432
172,2,1588164492
173,1,1588162929
174,2,1588161069
175,3,1588165766
176,2,1588166820
177,1,1588165649
178,3,1588162358
179,2,1588169053
180,1,1588163514
181,1,1588163031
182,3,1588161509
183,2,1588164275
184,2,1588168103
185,3,1588167007
186,2,1588167001
187,3,1588161805
188,1,1588167453
189,1,1588163066
190,3,1588161456
191,2,1588166718
192,1,1588164182
193,3,1588163422
194,3,1588166439
195,3,1588168713
196,1,1588166171
197,1,1588163191
198,3,1588163431
199,3,1588167096
200,3,1588162792
201,2,1588164535
202,3,1588162939
203,1,1588164837
204,1,1588169198
205,1,1588169574
206,2,1588160896
207,1,1588168514
208,2,1588162913
209,1,1588166337
210,3,1588164876
211,1,1588166296
212,3,1588166668
213,2,1588164421
214,1,1588164865
215,3,1588165944
216,1,1588164629
217,2,1588162692
218,2,1588165142
219,3,1588166348
220,3,1588163262
221,1,1588164835
222,2,1588161264
223,2,1588169238
224,2,1588167942
225,3,1588165759
226,2,1588164115
227,1,1588164751
228,1,1588169057
229,2,1588162470
230,2,1588164804
231,3,1588165132
232,1,1588162334
233,2,1588164893
234,3,1588167273
235,3,1588166103
236,1,1588164381
237,3,1588165255
238,1,1588169747
239,3,1588162995
240,1,1588164152
241,3,1588163714
242,1,1588169359
243,3,1588167932
244,1,1588162164
245,1,1588166754
246,2,1588165968
247,2,1588164785
248,1,1588165669
249,3,1588166268
250,3,1588162625
251,2,1588166289
252,2,1588165218
253,2,1588165559
254,2,1588168233
255,3,1588165868
256,2,1588162889
257,1,1588163748
258,1,1588164599
259,3,1588167565
260,2,1588164095
261,3,1588165781
262,3,1588166771
263,2,1588164099
264,2,1588165528
265,2,1588167157
266,3,1588162949
267,1,1588164344
268,2,1588166024
269,1,1588163586
270,1,1588166266
271,1,1588167933
272,3,1588164380
273,3,1588168246
274,3,1588163983
275,2,1588168152
276,3,1588167347
277,2,1588165287
278,2,1588163346
279,3,1588167418
280,2,1588165417
281,2,1588162348
282,2,1588162457
283,2,1588164206
284,2,1588165599
285,3,1588163945
286,3,1588162785
287,1,1588164988
288,3,1588167283
289,1,1588168485
290,1,1588166075
291,2,1588163305
292,3,1588170069
293,2,1588167028
294,1,1588162902
295,1,1588163708
296,1,1588162192
297,2,1588165664
298,1,1588169212
299,1,1588166043
300,1,1588170559
301,1,1588164688
302,1,1588166880
303,3,1588163792
304,1,1588160877
305,1,1588164927
306,2,1588165418
307,2,1588163926
308,3,1588163633
309,2,1588165135
310,1,1588168395
311,3,1588164421
312,2,1588166711
313,2,1588166239
314,3,1588163301
315,2,1588164481
316,1,1588165200
317,1,1588165280
318,3,1588164122
319,1,1588166948
320,3,1588168509
321,1,1588166068
322,1,1588165550
323,3,1588168372
324,2,1588166158
325,3,1588163487
326,1,1588163476
327,3,1588164515
328,3,1588162769
329,3,1588168151
330,2,1588161713
331,2,1588165003
332,1,1588162982
333,3,1588167679
334,2,1588166118
335,3,1588164719
336,2,1588164714
337,3,1588164910
338,3,1588161977
339,3,1588168006
340,1,1588163221
341,2,1588165329
342,2,1588165603
343,3,1588166139
344,3,1588166556
345,1,1588163772
346,2,1588163736
347,1,1588164388
348,2,1588164390
349,2,1588166375
350,3,1588166628
351,2,1588167051
352,1,1588163943
353,1,1588164677
354,2,1588164147
355,3,1588165170
356,1,1588165639
357,3,1588168630
358,2,1588163447
359,1,1588165351
360,3,1588162125
361,3,1588161263
362,1,1588164003
363,3,1588165830
364,3,1588163252
365,3,1588166366
366,3,1588165169
367,3,1588166881
368,1,1588168068
369,3,1588166661
370,2,1588161903
371,1,1588162236
372,2,1588164397
373,3,1588165201
374,2,1588167957
375,3,1588165248
376,3,1588162946
377,2,1588164063
378,2,1588165771
379,1,1588163830
380,2,1588164593
381,1,1588163910
382,2,1588168764
383,1,1588167109
384,3,1588166580
385,1,1588163879
386,2,1588166863
387,2,1588166312
388,2,1588166140
389,2,1588166857
390,1,1588165520
391,2,1588168976
392,2,1588167477
393,2,1588163199
394,1,1588167327
395,1,1588164511
396,2,1588170606
397,3,1588165116
398,1,1588165323
399,2,1588164746
400,3,1588165008
401,1,1588163180
402,1,1588163076
403,3,1588168184
404,1,1588161148
405,2,1588165380
406,3,1588165551
407,3,1588163274
408,1,1588168169
409,3,1588164693
410,3,1588166547
411,3,1588161804
412,1,1588165086
413,1,1588165076
414,3,1588165908
415,2,1588166380
416,3,1588164848
417,3,1588166182
418,2,1588164269
419,2,1588166426
420,1,1588166611
421,1,1588166390
422,3,1588164637
423,1,1588164027
424,1,1588160653
425,2,1588168748
426,2,1588165506
427,1,1588163016
428,1,1588166609
429,3,1588163197
430,3,1588163889
431,3,1588165499
432,1,1588167033
433,2,1588160724
434,3,1588166223
435,3,1588163679
436,2,1588165245
437,2,1588167217
438,3,1588169529
439,1,1588164557
440,2,1588165930
441,2,1588162535
442,2,1588168771
443,2,1588168119
444,3,1588165085
445,1,1588163482
446,1,1588163169
447,1,1588165326
448,2,1588165319
449,3,1588163575
450,2,1588161061
451,3,1588165939
452,1,1588162192
453,2,1588166167
454,3,1588167129
455,3,1588166802
456,2,1588162490
457,3,1588167451
458,3,1588167906
459,2,1588164849
460,3,1588167039
461,1,1588164713
462,2,1588167632
463,1,1588165142
464,3,1588168273
465,1,1588164168
466,3,1588165321
467,1,1588165778
468,1,1588164307
469,1,1588164085
470,2,1588166683
471,2,1588166070
472,2,1588167015
473,3,1588166842
474,1,1588165837
475,1,1588166710
476,3,1588168334
477,3,1588165342
478,1,1588165890
479,3,1588165840
480,2,1588168380
481,1,1588164619
482,3,1588162727
483,3,1588164104
484,3,1588167164
485,1,1588169423
486,2,1588165517
487,1,1588168363
488,3,1588163388
489,2,1588165295
490,2,1588167504
491,1,1588165338
492,3,1588168454
493,3,1588168643
494,2,1588165427
495,3,1588167716
496,3,1588163585
497,3,1588166788
498,2,1588166838
499,1,1588167598
500,3,1588165167
501,3,1588165514
502,1,1588168507
503,2,1588163016
504,1,1588166165
505,3,1588161576
506,3,1588165509
507,1,1588164222
508,3,1588166900
509,1,1588161723
510,2,1588164365
511,2,1588162599
512,3,1588163392
513,2,1588165019
514,1,1588165152
515,3,1588166490
516,2,1588169427
517,1,1588163805
518,2,1588165695
519,3,1588164453
520,1,1588166669
521,1,1588162129
522,3,1588162506
523,1,1588166069
524,3,1588165688
525,1,1588164617
526,3,1588164560
527,2,1588161961
528,3,1588165319
529,2,1588165035
530,2,1588166845
531,3,1588162904
532,1,1588168360
533,2,1588166398
534,1,1588163642
535,2,1588165611
536,2,1588164267
537,2,1588168006
538,1,1588166058
539,1,1588165939
540,1,1588165895
541,2,1588164123
542,3,1588166067
543,2,1588163340
544,2,1588163624
545,1,1588164354
546,3,1588166846
547,3,1588166816
548,3,1588163855
549,2,1588165065
550,3,1588167917
551,3,1588166125
552,3,1588164661
553,2,1588162263
554,2,1588160399
555,2,1588163153
556,2,1588166794
557,2,1588163197
558,1,1588167479
559,1,1588165543
560,1,1588168164
561,1,1588166902
562,2,1588167100
563,1,1588167143
564,1,1588162923
565,3,1588168028
566,1,1588164705
567,2,1588164229
568,1,1588163198
569,1,1588162908
570,3,1588164552
571,1,1588167314
572,3,1588167128
573,2,1588169897
574,3,1588163994
575,1,1588166962
576,3,1588165764
577,3,1588165010
578,3,1588164425
579,2,1588163632
580,2,1588165879
581,2,1588166794
582,3,1588164299
583,1,1588165538
584,3,1588166225
585,1,1588164585
586,1,1588165198
587,3,1588165467
588,1,1588163087
589,1,1588168024
590,2,1588166873
591,2,1588164437
592,2,1588163208
593,1,1588166628
594,2,1588164929
595,1,1588164913
596,3,1588165854
597,2,1588162078
598,2,1588164474
599,3,1588165836
600,3,1588164227
601,1,1588166413
602,3,1588163687
603,1,1588165049
604,3,1588163315
605,1,1588163769
606,1,1588164471
607,2,1588166209
608,2,1588167601
609,2,1588166567
610,3,1588167816
611,2,1588159970
612,3,1588167869
613,3,1588165297
614,2,1588162654
615,1,1588167255
616,1,1588166211
617,3,1588162674
618,3,1588167574
619,1,1588163276
620,1,1588166806
621,2,1588163560
622,2,1588168659
623,3,1588162803
624,1,1588168922
625,2,1588163507
626,2,1588162460
627,3,1588164644
628,3,1588158822
629,1,1588164936
630,1,1588168815
631,2,1588167354
632,3,1588167507
633,3,1588165381
634,1,1588163628
635,2,1588166713
636,1,1588164808
637,3,1588166889
638,3,1588168296
639,2,1588161675
640,2,1588167810
641,2,1588166793
642,2,1588164492
643,1,1588167443
644,3,1588163350
645,3,1588166867
646,2,1588164418
647,3,1588163908
648,3,1588164505
649,1,1588165204
650,3,1588168012
651,1,1588166571
652,1,1588163209
653,3,1588166464
654,1,1588165481
655,1,1588164047
656,1,1588165076
657,2,1588163914
658,2,1588166099
659,1,1588165500
660,2,1588164061
661,3,1588164573
662,3,1588166588
663,2,1588165610
664,3,1588167734
665,1,1588158729
666,2,1588163772
667,1,1588165264
668,1,1588169274
669,3,1588164800
670,3,1588162080
671,3,1588166098
672,1,1588163517
673,2,1588163159
674,1,1588168242
675,2,1588162797
676,1,1588162915
677,3,1588161245
678,3,1588166701
679,1,1588162559
680,3,1588163401
681,1,1588164981
682,2,1588165285
683,3,1588165939
684,3,1588165451
685,3,1588167477
686,2,1588165209
687,3,1588168467
688,3,1588165550
689,1,1588166051
690,3,1588161171
691,2,1588164197
692,1,1588163027
693,2,1588166513
694,3,1588161941
695,1,1588165654
696,3,1588164605
697,1,1588164525
698,2,1588163415
699,2,1588167176
700,1,1588165915
701,3,1588166016
702,1,1588166903
703,3,1588164651
704,2,1588165894
705,2,1588162368
706,2,1588164270
707,1,1588166760
708,2,1588167680
709,1,1588167716
710,2,1588169757
711,3,1588163349
712,3,1588163646
713,2,1588163327
714,1,1588167059
715,1,1588166656
716,3,1588165446
717,2,1588162537
718,1,1588162184
719,2,1588164911
720,1,1588167763
721,1,1588164713
722,3,1588164242
723,3,1588164855
724,1,1588164759
725,1,1588159975
726,1,1588166588
727,1,1588164539
728,3,1588164887
729,3,1588166198
730,2,1588167530
731,3,1588164930
732,1,1588165845
733,2,1588163730
734,2,1588166119
735,3,1588160956
736,1,1588165022
737,1,1588167366
738,1,1588167333
739,1,1588164633
740,2,1588163399
741,2,1588166056
742,3,1588168826
743,2,1588162714
744,3,1588165048
745,1,1588165169
746,1,1588165406
747,2,1588164183
748,3,1588165863
749,1,1588163998
750,1,1588163610
751,1,1588169361
752,3,1588164303
753,1,1588165007
754,1,1588162832
755,2,1588161785
756,3,1588164923
757,1,1588168539
758,1,1588165490
759,2,1588164267
760,2,1588164777
761,1,1588163953
762,3,1588163924
763,2,1588166289
764,3,1588164715
765,3,1588166379
766,3,1588166015
767,3,1588170257
768,1,1588166364
769,1,1588168774
770,3,1588162703
771,2,1588167728
772,2,1588163577
773,1,1588164024
774,2,1588167179
775,3,1588162288
776,2,1588164340
777,1,1588163725
778,1,1588165940
779,2,1588166733
780,3,1588161156
781,2,1588165465
782,2,1588160773
783,2,1588163019
784,1,1588163670
785,3,1588165583
786,2,1588163819
787,3,1588165139
788,2,1588164069
789,3,1588162724
790,2,1588168619
791,1,1588164004
792,2,1588167645
793,1,1588163050
794,3,1588167904
795,2,1588166396
796,2,1588163750
797,3,1588161763
798,3,1588164426
799,2,1588162203
800,3,1588162846
801,1,1588166783
802,1,1588165043
803,2,1588161303
804,2,1588163770
805,3,1588163711
806,2,1588165566
807,1,1588164093
808,2,1588163686
809,1,1588162436
810,3,1588164012
811,1,1588164895
812,1,1588162064
813,3,1588164178
814,1,1588165734
815,2,1588166326
816,2,1588164805
817,2,1588167768
818,3,1588162017
819,3,1588161035
820,2,1588165562
821,3,1588167221
822,3,1588161964
823,2,1588166763
824,2,1588163485
825,2,1588165981
826,1,1588165432
827,3,1588169771
828,2,1588164313
829,3,1588167805
830,3,1588168990
831,1,1588167364
832,3,1588166424
833,2,1588163630
834,2,1588166158
835,3,1588166863
836,3,1588165772
837,2,1588165670
838,2,1588166308
839,1,1588165954
840,3,1588163589
841,3,1588165678
842,3,1588163235
843,1,1588165342
844,2,1588166051
845,1,1588167733
846,1,1588164080
847,1,1588164570
848,3,1588165675
849,1,1588164451
850,3,1588167091
851,1,1588163439
852,1,1588167543
853,2,1588163864
854,3,1588161938
855,2,1588167362
856,2,1588167525
857,3,1588164860
858,2,1588164264
859,2,1588165007
860,1,1588165195
861,2,1588164546
862,2,1588162580
863,1,1588167773
864,3,1588166130
865,2,1588159965
866,3,1588165719
867,1,1588164478
868,1,1588161423
869,2,1588169662
870,2,1588169176
871,2,1588164812
872,1,1588161738
873,2,1588166887
874,1,1588165604
875,1,1588164526
876,3,1588165301
877,3,1588165430
878,3,1588167889
879,2,1588164233
880,2,1588165814
881,2,1588167101
882,2,1588164379
883,3,1588164020
884,2,1588167033
885,2,1588165215
886,1,1588166340
887,1,1588166499
888,3,1588163890
889,1,1588163561
890,3,1588167116
891,2,1588164062
892,3,1588168259
893,2,1588165098
894,2,1588166659
895,3,1588167015
896,3,1588162872
897,3,1588167361
898,1,1588160419
899,2,1588166168
900,3,1588164114
901,3,1588164847
902,2,1588164212
903,2,1588164432
904,3,1588167462
905,2,1588166683
906,1,1588164853
907,3,1588166495
908,3,1588167109
909,2,1588167010
910,2,1588160985
911,3,1588162985
912,3,1588166019
913,2,1588162824
914,2,1588167166
915,2,1588168446
916,1,1588162658
917,1,1588166354
918,2,1588167612
919,2,1588165895
920,3,1588164088
921,2,1588166989
922,3,1588162502
923,2,1588165969
924,1,1588166192
925,1,1588164314
926,1,1588164683
927,3,1588163761
928,3,1588165998
929,2,1588161365
930,1,1588164437
931,1,1588164459
932,1,1588164894
933,2,1588161856
934,2,1588162454
935,3,1588166796
936,2,1588163892
937,2,1588162447
938,2,1588166893
939,3,1588166370
940,2,1588162716
941,1,1588161756
942,1,1588165088
943,2,1588166235
944,1,1588164279
945,3,1588164274
946,2,1588164733
947,3,1588163871
948,3,1588164807
949,3,1588166904
950,2,1588165946
951,2,1588165280
952,3,1588166055
953,2,1588166000
954,3,1588164182
955,3,1588163403
956,3,1588168532
957,2,1588159714
958,2,1588163436
959,3,1588165042
960,1,1588164642
961,2,1588165636
962,2,1588167157
963,2,1588164600
964,1,1588167468
965,2,1588166976
966,3,1588164517
967,1,1588167867
968,2,1588163501
969,2,1588161460
970,1,1588162411
971,3,1588165426
972,2,1588163716
973,3,1588162629
974,2,1588166227
975,1,1588161497
976,1,1588164381
977,1,1588166611
978,3,1588168314
979,2,1588164642
980,3,1588164619
981,2,1588164516
982,1,1588165984
983,3,1588161965
984,1,1588164629
985,1,1588165445
986,2,1588164598
987,2,1588165279
988,2,1588165053
989,2,1588166391
990,2,1588166931
991,2,1588166814
992,2,1588164044
993,3,1588165580
994,1,1588165301
995,3,1588165330
996,1,1588163869
997,2,1588166581
998,2,1588164775
999,3,1588166514
1000,2,1588163844
1,3,1588165107
2,2,1588160960
3,3,1588162289
4,1,1588163581
5,2,1588165416
6,3,1588163325
7,3,1588163417
8,2,1588164720
9,3,1588166174
10,3,1588163059
11,1,1588165825
12,1,1588167825
13,3,1588162802
14,3,1588170664
15,1,1588163108
16,2,1588166306
17,1,1588166454
18,3,1588163920
19,1,1588165442
20,2,1588165130
21,1,1588163333
22,3,1588168296
23,2,1588168450
24,3,1588166555
25,1,1588164393
26,2,1588164978
27,1,1588164286
28,1,1588166409
29,1,1588166306
30,3,1588167793
31,3,1588166985
32,1,1588162258
33,2,1588170581
34,2,1588163507
35,3,1588166251
36,1,1588165972
37,2,1588167401
38,3,1588165844
39,1,1588166105
40,2,1588164136
41,3,1588163367
42,1,1588165342
43,1,1588166166
44,2,1588165967
45,2,1588162059
46,1,1588164891
47,2,1588164080
48,3,1588165199
49,1,1588162840
50,1,1588168701
51,1,1588167206
52,1,1588165316
53,1,1588164158
54,3,1588167991
55,2,1588165068
56,1,1588166576
57,1,1588169016
58,1,1588163349
59,1,1588163480
60,1,1588164847
61,1,1588166491
62,1,1588162898
63,2,1588163713
64,3,1588164016
65,3,1588160916
66,2,1588160668
67,1,1588167284
68,3,1588164806
69,3,1588165905
70,1,1588168189
71,1,1588165132
72,2,1588164850
73,3,1588164752
74,3,1588163481
75,2,1588168160
76,1,1588167636
77,3,1588166050
78,2,1588162364
79,1,1588166615
80,2,1588165897
81,1,1588167811
82,1,1588165684
83,2,1588165117
84,2,1588165671
85,3,1588167669
86,1,1588165785
87,2,1588164319
88,2,1588164747
89,1,1588169209
90,3,1588166426
91,1,1588166079
92,3,1588163914
93,3,1588167001
94,3,1588165068
95,2,1588168783
96,3,1588165158
97,3,1588167679
98,1,1588167889
99,3,1588163546
100,3,1588165100
101,1,1588166708
102,1,1588165769
103,1,1588167994
104,1,1588167514
105,3,1588163017
106,1,1588169546
107,1,1588165241
108,1,1588165688
109,2,1588163508
110,2,1588165686
111,2,1588163729
112,3,1588163596
113,1,1588163392
114,1,1588162367
115,3,1588166454
116,3,1588167075
117,3,1588163246
118,1,1588162148
119,3,1588163359
120,2,1588161507
121,2,1588166384
122,1,1588164613
123,3,1588164048
124,3,1588168556
125,1,1588167600
126,3,1588165858
127,1,1588163022
128,2,1588164423
129,1,1588164470
130,2,1588165774
131,1,1588167041
132,1,1588167859
133,2,1588167734
134,2,1588166045
135,1,1588168784
136,2,1588162463
137,1,1588163485
138,3,1588163092
139,1,1588163349
140,2,1588167921
141,1,1588161483
142,3,1588164991
143,2,1588163710
144,1,1588164918
145,2,1588168907
146,1,1588167491
147,3,1588168735
148,2,1588165019
149,2,1588165942
150,2,1588164213
151,1,1588167672
152,3,1588163753
153,1,1588164169
154,1,1588165104
155,1,1588162484
156,1,1588167534
157,3,1588163957
158,2,1588169816
159,1,1588167648
160,2,1588165185
161,2,1588165654
162,1,1588164390
163,1,1588165877
164,3,1588165914
165,2,1588165550
166,2,1588166885
167,1,1588163610
168,1,1588162350
169,1,1588166539
170,3,1588164842
171,2,1588165276
172,1,1588163366
173,2,1588169083
174,2,1588162814
175,3,1588162529
176,2,1588165111
177,1,1588162801
178,3,1588164304
179,1,1588166298
180,2,1588165041
181,1,1588164780
182,1,1588165563
183,3,1588166912
184,1,1588165067
185,2,1588165406
186,1,1588167176
187,2,1588167203
188,2,1588165110
189,3,1588164709
190,1,1588166732
191,2,1588166956
192,2,1588163734
193,2,1588165328
194,2,1588163197
195,1,1588166032
196,2,1588164846
197,3,1588163724
198,3,1588164500
199,1,1588165967
200,3,1588163906
201,2,1588166151
202,1,1588164676
203,3,1588163213
204,3,1588165690
205,3,1588165647
206,1,1588162121
207,1,1588169112
208,3,1588167359
209,2,1588166364
210,3,1588166718
211,3,1588164131
212,1,1588163176
213,2,1588166756
214,3,1588165566
215,1,1588160702
216,2,1588166617
217,1,1588163660
218,1,1588166732
219,3,1588164660
220,2,1588166307
221,2,1588165907
222,2,1588165415
223,1,1588168674
224,1,1588164859
225,2,1588167414
226,3,1588163855
227,3,1588160971
228,3,1588168249
229,3,1588163816
230,3,1588168825
231,3,1588162996
232,3,1588164964
233,3,1588163698
234,1,1588162765
235,3,1588162991
236,2,1588163580
237,2,1588165445
238,1,1588166754
239,1,1588168628
240,3,1588165745
241,2,1588163692
242,2,1588166226
243,2,1588167081
244,3,1588165861
245,3,1588165830
246,2,1588165047
247,1,1588171792
248,3,1588167817
249,2,1588166301
250,2,1588160197
251,2,1588163113
252,1,1588166627
253,3,1588168086
254,2,1588164150
255,1,1588163102
256,3,1588160796
257,1,1588164321
258,3,1588163651
259,1,1588165570
260,1,1588165739
261,1,1588163806
262,1,1588165103
263,3,1588163390
264,1,1588166909
265,3,1588162322
266,2,1588166321
267,3,1588163619
268,1,1588168170
269,2,1588165126
270,1,1588164203
271,1,1588164553
272,2,1588161562
273,3,1588163510
274,1,1588164902
275,1,1588167009
276,1,1588166117
277,1,1588165772
278,3,1588164521
279,2,1588165872
280,1,1588160157
281,3,1588163251
282,2,1588164859
283,2,1588164203
284,2,1588162934
285,1,1588166746
286,3,1588163161
287,1,1588165039
288,2,1588166003
289,3,1588167219
290,2,1588165272
291,1,1588164778
292,3,1588167289
293,1,1588166820
294,3,1588167821
295,3,1588165774
296,3,1588165581
297,2,1588165745
298,3,1588166409
299,2,1588165418
300,1,1588162632
301,1,1588168487
302,1,1588164417
303,2,1588165725
304,2,1588165935
305,1,1588164113
306,1,1588165412
307,3,1588162411
308,3,1588165218
309,2,1588165867
310,2,1588169934
311,3,1588166031
312,1,1588167550
313,2,1588164799
314,1,1588165804
315,1,1588165928
316,1,1588161523
317,3,1588165164
318,3,1588166503
319,2,1588165626
320,1,1588162353
321,2,1588167431
322,2,1588164416
323,1,1588163324
324,1,1588166528
325,2,1588164729
326,1,1588162935
327,2,1588164206
328,1,1588165727
329,3,1588164583
330,1,1588163352
331,2,1588163263
332,3,1588167929
333,3,1588162101
334,3,1588166350
335,1,1588165582
336,1,1588167668
337,2,1588166169
338,2,1588165803
339,3,1588165514
340,2,1588163253
341,2,1588166095
342,1,1588161117
343,1,1588165361
344,3,1588166715
345,2,1588164529
346,3,1588164089
347,3,1588165468
348,2,1588165190
349,2,1588163014
350,3,1588164694
351,1,1588165506
352,3,1588164001
353,3,1588164632
354,3,1588167361
355,3,1588169240
356,2,1588160318
357,1,1588166618
358,3,1588163854
359,2,1588166159
360,2,1588165235
361,3,1588168139
362,1,1588165130
363,1,1588164250
364,1,1588168641
365,2,1588164386
366,3,1588165000
367,1,1588166109
368,2,1588161130
369,1,1588166790
370,2,1588166047
371,3,1588164969
372,1,1588164168
373,1,1588164414
374,3,1588165950
375,3,1588163881
376,3,1588164597
377,3,1588164386
378,2,1588167077
379,3,1588163017
380,2,1588164369
381,2,1588164700
382,2,1588164525
383,1,1588166939
384,2,1588165331
385,1,1588169058
386,2,1588161991
387,1,1588165121
388,2,1588166219
389,1,1588165522
390,1,1588160436
391,3,1588162434
392,1,1588166894
393,3,1588164851
394,2,1588164218
395,2,1588165789
396,2,1588165482
397,1,1588165160
398,2,1588162816
399,2,1588165131
400,3,1588167600
401,2,1588166646
402,2,1588161405
403,1,1588164385
404,1,1588163584
405,1,1588164326
406,3,1588167092
407,1,1588164043
408,1,1588162018
409,3,1588164013
410,1,1588163902
411,2,1588171407
412,1,1588162932
413,2,1588167122
414,3,1588163616
415,3,1588164523
416,3,1588167238
417,3,1588163123
418,2,1588168998
419,2,1588164744
420,3,1588163723
421,3,1588161441
422,1,1588169436
423,3,1588160113
424,1,1588164434
425,2,1588167093
426,3,1588166118
427,1,1588163655
428,2,1588165080
429,1,1588164122
430,2,1588165118
431,1,1588166277
432,1,1588166839
433,2,1588166270
434,3,1588167091
435,1,1588163895
436,2,1588163356
437,2,1588163775
438,1,1588167495
439,2,1588164027
440,1,1588167850
441,2,1588163601
442,3,1588163043
443,2,1588163556
444,3,1588168591
445,1,1588165759
446,2,1588166792
447,1,1588164420
448,2,1588160024
449,3,1588163443
450,1,1588168161
451,3,1588165985
452,2,1588163727
453,2,1588166499
454,1,1588165607
455,3,1588162875
456,3,1588166190
457,2,1588163284
458,1,1588163886
459,2,1588167708
460,1,1588163450
461,1,1588162089
462,3,1588162418
463,2,1588168103
464,3,1588163047
465,3,1588160810
466,2,1588164342
467,2,1588164213
468,1,1588162097
469,2,1588166099
470,3,1588169733
471,1,1588165944
472,3,1588164579
473,3,1588164580
474,2,1588164785
475,3,1588166337
476,1,1588164243
477,2,1588158826
478,1,1588166161
479,1,1588167285
480,3,1588168481
481,1,1588164639
482,1,1588163447
483,3,1588165989
484,2,1588162738
485,3,1588166719
486,3,1588161825
487,2,1588167148
488,2,1588166966
489,3,1588168927
490,3,1588162869
491,1,1588165811
492,1,1588165994
493,3,1588163452
494,1,1588162641
495,1,1588159818
496,3,1588165315
497,3,1588168168
498,2,1588167102
499,3,1588168048
500,2,1588166821
501,1,1588164567
502,1,1588168666
503,1,1588164218
504,2,1588163358
505,2,1588163962
506,1,1588168196
507,1,1588164058
508,3,1588164417
509,1,1588165674
510,3,1588163994
511,1,1588164532
512,1,1588168742
513,1,1588168276
514,3,1588166571
515,3,1588166818
516,1,1588166770
517,3,1588162586
518,3,1588167770
519,3,1588167925
520,3,1588165832
521,2,1588165797
522,1,1588166024
523,3,1588167588
524,1,1588162865
525,2,1588163911
526,2,1588165374
527,1,1588168728
528,2,1588167518
529,2,1588165929
530,2,1588164338
531,2,1588166637
532,3,1588163635
533,2,1588164123
534,3,1588167761
535,2,1588167304
536,1,1588167097
537,2,1588166671
538,3,1588167190
539,2,1588165668
540,2,1588163382
541,1,1588164830
542,1,1588165334
543,2,1588162905
544,3,1588162995
545,3,1588164928
546,2,1588161600
547,1,1588167046
548,2,1588166534
549,1,1588163941
550,2,1588167412
551,3,1588167185
552,1,1588165516
553,1,1588164690
554,3,1588164243
555,1,1588163878
556,1,1588165082
557,2,1588166638
558,1,1588166818
559,1,1588163291
560,2,1588162686
561,2,1588166394
562,1,1588163508
563,2,1588164444
564,2,1588169564
565,1,1588167397
566,3,1588164260
567,3,1588163497
568,3,1588165394
569,2,1588167134
570,2,1588168339
571,2,1588164760
572,1,1588164920
573,2,1588159950
574,1,1588165533
575,3,1588164060
576,1,1588165458
577,1,1588167484
578,2,1588164373
579,3,1588166116
580,1,1588162435
581,3,1588168698
582,1,1588167320
583,2,1588165577
584,3,1588160882
585,3,1588165486
586,2,1588166939
587,1,1588164036
588,2,1588167107
589,1,1588169129
590,3,1588164567
591,3,1588164723
592,3,1588164361
593,2,1588163680
594,2,1588166473
595,3,1588165484
596,3,1588163528
597,3,1588158938
598,2,1588164632
599,3,1588163575
600,3,1588165386
601,2,1588165442
602,2,1588164265
603,2,1588165404
604,1,1588166238
605,1,1588164111
606,3,1588161681
607,1,1588165983
608,2,1588163656
609,3,1588166482
610,2,1588163478
611,1,1588165467
612,1,1588164917
613,3,1588164058
614,3,1588164848
615,3,1588163767
616,1,1588164184
617,3,1588163372
618,3,1588164013
619,2,1588162585
620,1,1588164052
621,1,1588163165
622,1,1588162244
623,2,1588163965
624,1,1588165086
625,1,1588163052
626,3,1588164967
627,2,1588163999
628,2,1588167202
629,2,1588164716
630,1,1588167317
631,3,1588164540
632,1,1588165755
633,2,1588161969
634,2,1588164370
635,2,1588166554
636,1,1588166623
637,2,1588161040
638,2,1588166876
639,2,1588164495
640,2,1588165651
641,3,1588165778
642,3,1588164841
643,2,1588165240
644,1,1588168000
645,3,1588167242
646,1,1588162101
647,3,1588167728
648,2,1588166408
649,3,1588165835
650,3,1588165912
651,3,1588165041
652,3,1588160860
653,3,1588167446
654,3,1588164260
655,1,1588162464
656,3,1588164502
657,3,1588164947
658,3,1588162963
659,1,1588166162
660,3,1588163710
661,3,1588165388
662,2,1588165372
663,1,1588161711
664,1,1588166418
665,2,1588165111
666,1,1588165046
667,3,1588162764
668,2,1588165089
669,3,1588166553
670,2,1588165033
671,2,1588161741
672,2,1588164591
673,2,1588162264
674,3,1588168010
675,2,1588167300
676,3,1588165594
677,1,1588163737
678,2,1588162831
679,3,1588164490
680,2,1588166321
681,2,1588163536
682,3,1588164836
683,1,1588166655
684,3,1588166065
685,3,1588162778
686,3,1588162378
687,2,1588164827
688,3,1588166407
689,3,1588165059
690,1,1588165592
691,1,1588167027
692,3,1588161882
693,2,1588164150
694,3,1588167015
695,1,1588169387
696,3,1588164829
697,1,1588164749
698,1,1588166059
699,2,1588163908
700,3,1588164722
701,2,1588167773
702,1,1588163331
703,1,1588164309
704,2,1588160942
705,3,1588164126
706,3,1588167825
707,1,1588166299
708,1,1588164538
709,1,1588163046
710,1,1588162960
711,2,1588166315
712,2,1588167543
713,2,1588164897
714,1,1588162190
715,3,1588165188
716,2,1588166339
717,2,1588168487
718,1,1588165479
719,2,1588166143
720,2,1588165504
721,3,1588166968
722,3,1588162609
723,3,1588164328
724,1,1588165770
725,3,1588165814
726,1,1588166606
727,1,1588163516
728,1,1588164383
729,2,1588164331
730,3,1588164711
731,3,1588167495
732,2,1588167208
733,2,1588164570
734,2,1588162900
735,2,1588163123
736,3,1588164102
737,1,1588166986
738,1,1588164778
739,3,1588162474
740,3,1588167505
741,2,1588162983
742,3,1588163072
743,3,1588165486
744,1,1588163673
745,3,1588164729
746,3,1588165546
747,2,1588161993
748,2,1588160870
749,3,1588162809
750,2,1588165139
751,3,1588164103
752,1,1588167434
753,1,1588163651
754,1,1588164964
755,2,1588169224
756,1,1588159271
757,3,1588162825
758,3,1588163144
759,2,1588164097
760,2,1588161955
761,3,1588165687
762,2,1588165545
763,2,1588165531
764,2,1588162768
765,3,1588160110
766,3,1588160416
767,2,1588164347
768,3,1588161948
769,1,1588167266
770,1,1588167760
771,2,1588165807
772,3,1588163349
773,1,1588164013
774,3,1588163788
775,2,1588164742
776,3,1588164162
777,2,1588163395
778,1,1588166048
779,2,1588168526
780,1,1588165523
781,3,1588164067
782,1,1588165711
783,2,1588166117
784,3,1588164751
785,2,1588164292
786,3,1588165826
787,1,1588163975
788,1,1588167767
789,2,1588163024
790,2,1588164639
791,1,1588163980
792,3,1588166693
793,3,1588166773
794,1,1588163618
795,3,1588166425
796,1,1588163325
797,1,1588164186
798,3,1588167624
799,1,1588166798
800,3,1588163805
801,2,1588165464
802,2,1588162573
803,3,1588162332
804,1,1588167040
805,1,1588165244
806,3,1588160053
807,1,1588162980
808,3,1588167143
809,3,1588168760
810,3,1588164102
811,2,1588169101
812,3,1588163379
813,3,1588165308
814,1,1588167992
815,2,1588163278
816,2,1588166704
817,3,1588163244
818,2,1588166807
819,2,1588164831
820,1,1588163048
821,3,1588166010
822,3,1588162196
823,2,1588166370
824,3,1588168608
825,1,1588165146
826,3,1588166476
827,3,1588164978
828,2,1588167346
829,3,1588166793
830,3,1588165548
831,1,1588166016
832,1,1588165263
833,2,1588165336
834,1,1588164067
835,3,1588161687
836,3,1588163349
837,3,1588166428
838,2,1588163689
839,3,1588166823
840,1,1588165061
841,2,1588162521
842,3,1588165933
843,2,1588165774
844,2,1588165603
845,2,1588165765
846,3,1588164562
847,1,1588163157
848,2,1588164897
849,2,1588164530
850,2,1588165535
851,3,1588165970
852,1,1588166224
853,1,1588164220
854,2,1588164020
855,1,1588164547
856,1,1588162312
857,1,1588167673
858,1,1588165019
859,1,1588162726
860,2,1588165850
861,1,1588165802
862,3,1588163118
863,2,1588167130
864,1,1588168310
865,3,1588165340
866,3,1588165780
867,2,1588166343
868,3,1588163183
869,2,1588164150
870,2,1588167742
871,3,1588165417
872,1,1588162087
873,1,1588165176
874,3,1588162626
875,2,1588165234
876,1,1588161543
877,2,1588163271
878,3,1588164725
879,1,1588165405
880,3,1588164907
881,2,1588163554
882,2,1588164188
883,2,1588165776
884,3,1588167807
885,3,1588160762
886,2,1588165874
887,1,1588164517
888,3,1588165561
889,3,1588163200
890,2,1588165407
891,1,1588166785
892,2,1588162039
893,1,1588168607
894,1,1588165456
895,2,1588163465
896,1,1588164044
897,1,1588169110
898,1,1588164769
899,2,1588164148
900,1,1588168822
901,3,1588162572
902,2,1588164132
903,3,1588164172
904,2,1588165169
905,2,1588163845
906,2,1588165632
907,3,1588168178
908,1,1588167247
909,3,1588164915
910,1,1588162715
911,2,1588166253
912,1,1588165498
913,3,1588165715
914,2,1588165986
915,2,1588166455
916,1,1588164234
917,3,1588163971
918,2,1588165831
919,1,1588164601
920,2,1588166653
921,1,1588165583
922,3,1588164726
923,1,1588164173
924,2,1588167631
925,3,1588161365
926,3,1588164214
927,3,1588164786
928,1,1588164801
929,2,1588161508
930,1,1588161463
931,1,1588167212
932,3,1588164777
933,2,1588165679
934,1,1588165438
935,2,1588165363
936,2,1588163531
937,1,1588169238
938,2,1588165944
939,3,1588166968
940,3,1588165514
941,3,1588163859
942,3,1588165094
943,1,1588166372
944,2,1588166651
945,1,1588167014
946,2,1588164426
947,1,1588161046
948,1,1588165684
949,1,1588168245
950,2,1588164549
951,2,1588162530
952,2,1588165734
953,2,1588165421
954,1,1588168151
955,3,1588166297
956,1,1588164377
957,2,1588164305
958,3,1588163297
959,1,1588169654
960,2,1588163266
961,1,1588165462
962,1,1588162101
963,2,1588165861
964,1,1588163610
965,1,1588161686
966,2,1588167069
967,3,1588162853
968,3,1588164077
969,2,1588164039
970,2,1588163655
971,2,1588165815
972,3,1588162877
973,2,1588164968
974,1,1588165875
975,2,1588162120
976,1,1588165280
977,3,1588165483
978,1,1588163682
979,2,1588165152
980,3,1588164452
981,2,1588165572
982,2,1588167103
983,2,1588165196
984,1,1588165479
985,2,1588160329
986,2,1588166306
987,1,1588163951
988,3,1588164838
989,2,1588163757
990,2,1588168164
991,3,1588163714
992,1,1588165254
993,1,1588164170
994,2,1588165969
995,3,1588166999
996,2,1588165393
997,2,1588164549
998,1,1588163073
999,1,1588164996
1000,2,1588167189
1,3,1588166046
2,1,1588168213
3,2,1588164285
4,3,1588162865
5,3,1588167350
6,1,1588166497
7,2,1588166455
8,2,1588163053
9,1,1588167813
10,1,1588163837
11,1,1588162102
12,3,1588167506
13,1,1588167570
14,3,1588163355
15,1,1588163844
16,3,1588166725
17,2,1588167683
18,3,1588166778
19,2,1588166335
20,1,1588163966
21,2,1588164712
22,2,1588165152
23,2,1588168917
24,1,1588165045
25,1,1588165433
26,1,1588164093
27,1,1588164184
28,3,1588164665
29,1,1588164834
30,1,1588166360
31,1,1588161946
32,2,1588163795
33,3,1588166410
34,3,1588164319
35,2,1588167325
36,3,1588165647
37,2,1588163379
38,1,1588166627
39,2,1588163617
40,1,1588165362
41,1,1588163756
42,2,1588166817
43,2,1588164052
44,2,1588163375
45,1,1588165511
46,2,1588166161
47,2,1588165279
48,1,1588166687
49,2,1588164348
50,2,1588162858
51,2,1588164661
52,2,1588166016
53,2,1588165919
54,3,1588164560
55,3,1588167395
56,3,1588164857
57,1,1588166944
58,1,1588165041
59,1,1588165676
60,2,1588162884
61,2,1588166327
62,3,1588163488
63,2,1588165803
64,3,1588167094
65,1,1588166421
66,1,1588166486
67,1,1588167306
68,2,1588165861
69,3,1588163611
70,1,1588166396
71,2,1588166395
72,1,1588165171
73,2,1588163675
74,1,1588164817
75,1,1588164429
76,1,1588164704
77,1,1588165841
78,2,1588167538
79,3,1588162890
80,3,1588165956
81,1,1588166153
82,1,1588162993
83,1,1588161741
84,3,1588167823
85,1,1588161797
86,2,1588168372
87,1,1588163899
88,2,1588165203
89,1,1588161004
90,3,1588164975
91,1,1588167149
92,2,1588162896
93,3,1588168584
94,3,1588166665
95,2,1588166253
96,3,1588168266
97,2,1588165947
98,1,1588165143
99,1,1588165181
100,1,1588165797
101,2,1588168739
102,2,1588168613
103,3,1588169039
104,3,1588168468
105,2,1588165151
106,1,1588164510
107,3,1588167084
108,1,1588166815
109,3,1588163649
110,2,1588167042
111,1,1588162363
112,3,1588167570
113,3,1588166883
114,1,1588167901
115,3,1588165520
116,3,1588170274
117,2,1588165338
118,3,1588164281
119,1,1588163728
120,2,1588162859
121,2,1588166408
122,3,1588163817
123,2,1588163772
124,1,1588162408
125,2,1588163074
126,1,1588164014
127,1,1588164995
128,2,1588162765
129,1,1588163309
130,3,1588164462
131,1,1588163367
132,1,1588163177
133,1,1588164786
134,3,1588167342
135,1,1588163901
136,1,1588165875
137,3,1588162702
138,1,1588164550
139,1,1588166129
140,2,1588165287
141,3,1588163584
142,1,1588169236
143,2,1588162372
144,2,1588165164
145,3,1588166080
146,3,1588165503
147,3,1588165204
148,3,1588164112
149,3,1588166910
150,2,1588163353
151,1,1588164681
152,1,1588165033
153,3,1588162877
154,2,1588164576
155,2,1588166727
156,1,1588165076
157,1,1588168142
158,2,1588165252
159,1,1588163854
160,3,1588164808
161,3,1588162178
162,1,1588165873
163,1,1588163281
164,2,1588164830
165,2,1588164670
166,2,1588163007
167,1,1588163989
168,1,1588162825
169,2,1588168291
170,3,1588165712
171,1,1588165886
172,1,1588165270
173,1,1588164413
174,1,1588164363
175,2,1588165872
176,3,1588162631
177,1,1588164743
178,3,1588167850
179,3,1588161471
180,3,1588165762
181,2,1588162944
182,1,1588163448
183,2,1588166636
184,2,1588166111
185,2,1588164952
186,1,1588164262
187,3,1588166546
188,1,1588166270
189,1,1588161903
190,2,1588164058
191,1,1588165646
192,2,1588164858
193,2,1588164103
194,3,1588166500
195,1,1588165612
196,1,1588168609
197,2,1588164384
198,1,1588164792
199,2,1588160760
200,1,1588164522
201,3,1588166359
202,3,1588168110
203,2,1588164165
204,3,1588165185
205,1,1588163627
206,3,1588166770
207,1,1588165811
208,2,1588164690
209,3,1588165991
210,3,1588164411
211,1,1588164529
212,2,1588167575
213,1,1588162232
214,2,1588165698
215,2,1588169324
216,3,1588165595
217,3,1588163658
218,3,1588162252
219,1,1588166253
220,2,1588160122
221,2,1588166316
222,2,1588166796
223,2,1588167958
224,2,1588168654
225,1,1588161778
226,3,1588161302
227,2,1588167099
228,1,1588163127
229,1,1588164108
230,1,1588162985
231,3,1588163746
232,3,1588162180
233,3,1588163714
234,3,1588165440
235,1,1588165354
236,1,1588167008
237,2,1588168050
238,3,1588161809
239,2,1588165176
240,1,1588163583
241,3,1588162380
242,1,1588165403
243,2,1588166131
244,3,1588166300
245,3,1588164044
246,1,1588162307
247,2,1588166837
248,2,1588167557
249,1,1588166760
250,3,1588164752
251,1,1588163599
252,3,1588166776
253,3,1588161257
254,3,1588166909
255,2,1588165599
256,2,1588167144
257,2,1588164662
258,3,1588168336
259,2,1588165920
260,2,1588165324
261,2,1588162387
262,2,1588164929
263,2,1588162978
264,1,1588164606
265,3,1588163199
266,3,1588166235
267,2,1588168171
268,2,1588165688
269,2,1588165625
270,1,1588168604
271,2,1588164390
272,2,1588163795
273,2,1588162644
274,3,1588168491
275,3,1588165250
276,1,1588161830
277,1,1588162612
278,1,1588166119
279,2,1588166779
280,3,1588163776
281,3,1588164074
282,2,1588164934
283,2,1588168244
284,3,1588169505
285,1,1588162710
286,3,1588165682
287,1,1588161757
288,3,1588164932
289,1,1588168739
290,1,1588163777
291,1,1588165621
292,3,1588164376
293,3,1588166556
294,3,1588164698
295,3,1588165766
296,1,1588162682
297,3,1588162115
298,3,1588162226
299,2,1588166984
300,3,1588166120
301,3,1588162782
302,2,1588165682
303,2,1588167575
304,1,1588164467
305,3,1588164911
306,3,1588168507
307,1,1588166806
308,1,1588163788
309,2,1588166046
310,2,1588164334
311,3,1588167907
312,1,1588164049
313,2,1588165488
314,1,1588165706
315,1,1588165661
316,3,1588164617
317,2,1588168985
318,3,1588163038
319,2,1588166106
320,1,1588162140
321,3,1588167882
322,2,1588164890
323,2,1588168206
324,2,1588164078
325,1,1588164369
326,3,1588162709
327,3,1588166427
328,2,1588165887
329,1,1588162735
330,2,1588166404
331,2,1588162856
332,2,1588167403
333,3,1588166720
334,1,1588163142
335,3,1588164568
336,2,1588163884
337,2,1588166237
338,3,1588169993
339,3,1588163030
340,2,1588166116
341,3,1588165461
342,1,1588164120
343,2,1588164602
344,2,1588161282
345,2,1588164280
346,3,1588165863
347,2,1588166394
348,2,1588169075
349,1,1588164482
350,3,1588166283
351,3,1588164630
352,1,1588162234
353,3,1588165188
354,1,1588167635
355,2,1588163196
356,2,1588164756
357,2,1588165606
358,3,1588162524
359,2,1588164848
360,3,1588162381
361,3,1588161829
362,3,1588166016
363,1,1588165615
364,3,1588164472
365,2,1588166997
366,3,1588166774
367,3,1588164254
368,1,1588161313
369,3,1588166367
370,3,1588163476
371,3,1588164999
372,1,1588160334
373,1,1588164205
374,1,1588167693
375,1,1588164104
376,3,1588163510
377,2,1588164714
378,3,1588165752
379,3,1588164755
380,2,1588164965
381,1,1588166604
382,3,1588166141
383,1,1588164596
384,3,1588166044
385,1,1588167912
386,1,1588167913
387,2,1588163665
388,3,1588168438
389,3,1588162477
390,2,1588169548
391,3,1588166829
392,2,1588165580
393,3,1588167319
394,2,1588167291
395,1,1588167862
396,2,1588165409
397,3,1588162030
398,2,1588165165
399,3,1588167089
400,3,1588162062
401,3,1588167083
402,1,1588167461
403,3,1588166403
404,1,1588164476
405,1,1588166270
406,1,1588163048
407,1,1588166669
408,2,1588164864
409,1,1588163783
410,1,1588165313
411,3,1588164278
412,3,1588165710
413,1,1588162806
414,3,1588168625
415,1,1588166461
416,1,1588164813
417,1,1588169152
418,3,1588160449
419,1,1588166611
420,3,1588164012
421,1,1588167893
422,2,1588163715
423,3,1588163167
424,2,1588163601
425,1,1588164446
426,3,1588165991
427,3,1588168330
428,1,1588167110
429,1,1588169566
430,1,1588164836
431,3,1588164982
432,1,1588164969
433,3,1588166577
434,2,1588162142
435,1,1588167154
436,2,1588165365
437,2,1588166018
438,2,1588164237
439,1,1588164682
440,2,1588163523
441,3,1588165490
442,3,1588164327
443,2,1588165451
444,1,1588163497
445,2,1588164068
446,1,1588164326
447,2,1588165465
448,1,1588164454
449,1,1588163195
450,1,1588164848
451,1,1588162263
452,1,1588163771
453,1,1588167400
454,1,1588167865
455,1,1588164497
456,2,1588165139
457,3,1588165065
458,2,1588168151
459,3,1588168534
460,2,1588160951
461,2,1588167893
462,2,1588164847
463,1,1588163472
464,1,1588163931
465,1,1588166190
466,2,1588165820
467,1,1588161448
468,3,1588163787
469,3,1588164517
470,3,1588168020
471,3,1588164881
472,1,1588162632
473,1,1588164702
474,2,1588164552
475,1,1588166246
476,1,1588168191
477,1,1588165001
478,1,1588163086
479,3,1588163463
480,2,1588163726
481,3,1588163493
482,3,1588162892
483,3,1588162213
484,2,1588165491
485,2,1588168969
486,1,1588164290
487,3,1588169470
488,2,1588165601
489,2,1588166853
490,2,1588163436
491,1,1588166116
492,1,1588167906
493,2,1588163074
494,2,1588169512
495,1,1588165149
496,2,1588164815
497,1,1588166508
498,1,1588169361
499,1,1588165058
500,2,1588167273
501,1,1588163133
502,3,1588165465
503,1,1588164813
504,1,1588168959
505,3,1588165876
506,3,1588163473
507,2,1588166447
508,1,1588166144
509,1,1588165152
510,1,1588163817
511,1,1588164020
512,2,1588164259
513,1,1588165173
514,1,1588167899
515,3,1588166094
516,1,1588167718
517,3,1588170505
518,1,1588168341
519,2,1588165086
520,1,1588164758
521,3,1588167642
522,3,1588166856
523,3,1588164328
524,1,1588165566
525,2,1588165880
526,1,1588166328
527,3,1588167430
528,2,1588162044
529,3,1588165139
530,2,1588165577
531,2,1588165786
532,2,1588161980
533,3,1588167091
534,2,1588164755
535,1,1588166965
536,1,1588163818
537,1,1588164185
538,1,1588167162
539,3,1588166137
540,1,1588165429
541,3,1588167272
542,1,1588169197
543,1,1588163105
544,3,1588163566
545,2,1588163577
546,2,1588164208
547,3,1588165594
548,3,1588166873
549,1,1588164277
550,1,1588166439
551,3,1588164852
552,2,1588163888
553,2,1588167048
554,3,1588162713
555,1,1588164836
556,2,1588162945
557,3,1588169174
558,1,1588165395
559,2,1588162143
560,2,1588165845
561,1,1588164718
562,2,1588165345
563,2,1588167979
564,1,1588166511
565,1,1588166660
566,3,1588163104
567,3,1588164234
568,3,1588164735
569,1,1588164113
570,1,1588163932
571,3,1588167844
572,1,1588163647
573,3,1588161224
574,2,1588166530
575,1,1588168398
576,1,1588168907
577,3,1588167300
578,1,1588166532
579,1,1588164129
580,2,1588163930
581,1,1588167652
582,3,1588164741
583,3,1588164904
584,3,1588163166
585,3,1588167415
586,1,1588163549
587,1,1588167281
588,3,1588163542
589,2,1588164898
590,3,1588163831
591,1,1588165740
592,3,1588164724
593,3,1588167662
594,1,1588164108
595,1,1588167542
596,1,1588165593
597,1,1588167964
598,2,1588163980
599,3,1588166100
600,2,1588164973
601,3,1588163525
602,3,1588167563
603,1,1588166497
604,3,1588167194
605,3,1588167048
606,3,1588165359
607,2,1588167587
608,1,1588163032
609,3,1588165073
610,1,1588167283
611,3,1588163958
612,3,1588166446
613,1,1588161502
614,2,1588164301
615,2,1588163441
616,1,1588166253
617,2,1588163691
618,2,1588163318
619,2,1588164901
620,3,1588164024
621,2,1588165411
622,2,1588163265
623,2,1588163796
624,2,1588163692
625,1,1588165239
626,3,1588167526
627,1,1588161224
628,2,1588166606
629,1,1588164969
630,3,1588167780
631,2,1588166414
632,1,1588165513
633,2,1588163747
634,3,1588166522
635,1,1588167642
636,1,1588166199
637,3,1588165843
638,2,1588160996
639,1,1588164721
640,2,1588164063
641,2,1588162722
642,2,1588168066
643,1,1588164459
644,3,1588164756
645,2,1588166360
646,2,1588166255
647,1,1588164683
648,2,1588164788
649,3,1588162099
650,1,1588162805
651,2,1588162650
652,2,1588166514
653,3,1588163558
654,2,1588161854
655,2,1588162681
656,1,1588168102
657,1,1588164390
658,1,1588166960
659,2,1588166618
660,1,1588165553
661,3,1588166646
662,3,1588167706
663,1,1588164022
664,1,1588166840
665,3,1588166504
666,1,1588169492
667,2,1588164107
668,1,1588161516
669,2,1588164202
670,2,1588167781
671,1,1588163328
672,3,1588165288
673,3,1588165476
674,3,1588164548
675,1,1588163063
676,3,1588163105
677,3,1588164116
678,2,1588167697
679,3,1588164662
680,2,1588165563
681,3,1588166664
682,1,1588166608
683,1,1588164808
684,1,1588166955
685,3,1588165707
686,2,1588164350
687,1,1588163040
688,2,1588167206
689,3,1588164585
690,3,1588164358
691,2,1588166870
692,3,1588163726
693,1,1588165203
694,1,1588164391
695,1,1588162039
696,2,1588167817
697,2,1588166737
698,3,1588165297
699,2,1588166829
700,1,1588163581
701,1,1588162549
702,3,1588167515
703,1,1588165769
704,2,1588165135
705,3,1588165141
706,1,1588164303
707,1,1588163842
708,1,1588169599
709,2,1588167595
710,1,1588164769
711,3,1588163023
712,1,1588166018
713,3,1588164626
714,1,1588164831
715,2,1588165659
716,3,1588167284
717,1,1588163532
718,3,1588166948
719,1,1588166080
720,1,1588161809
721,3,1588163186
722,1,1588163774
723,3,1588160675
724,2,1588165780
725,2,1588164942
726,3,1588168340
727,2,1588165820
728,1,1588165478
729,1,1588162520
730,3,1588164282
731,1,1588165429
732,2,1588163357
733,1,1588167927
734,1,1588169576
735,1,1588165456
736,1,1588161210
737,3,1588166134
738,2,1588163208
739,3,1588162899
740,2,1588163712
741,1,1588163791
742,1,1588165537
743,1,1588163805
744,3,1588163498
745,1,1588166078
746,3,1588165025
747,3,1588165196
748,2,1588165420
749,3,1588168677
750,2,1588167201
751,3,1588163369
752,2,1588164481
753,3,1588167079
754,1,1588169742
755,2,1588167315
756,2,1588166313
757,1,1588167439
758,1,1588167918
759,2,1588164843
760,3,1588162827
761,3,1588163150
762,3,1588163046
763,2,1588162703
764,3,1588165283
765,3,1588162565
766,2,1588165157
767,1,1588163564
768,2,1588167003
769,1,1588167629
770,2,1588165254
771,2,1588164497
772,3,1588162599
773,3,1588162287
774,1,1588163802
775,1,1588166445
776,1,1588165102
777,2,1588162818
778,3,1588167196
779,1,1588165370
780,1,1588166450
781,2,1588163195
782,3,1588167794
783,1,1588165212
784,1,1588164381
785,1,1588164899
786,1,1588169788
787,3,1588164186
788,3,1588168753
789,3,1588164926
790,3,1588166865
791,1,1588165135
792,2,1588165825
793,2,1588165815
794,1,1588165935
795,1,1588166893
796,1,1588165868
797,2,1588165877
798,3,1588164254
799,1,1588164713
800,1,1588167577
801,2,1588165687
802,2,1588164642
803,2,1588169101
804,1,1588165905
805,1,1588164858
806,3,1588167394
807,2,1588169210
808,1,1588165717
809,3,1588164467
810,1,1588164190
811,2,1588165703
812,2,1588163785
813,3,1588165979
814,2,1588162589
815,1,1588167641
816,3,1588166377
817,2,1588164967
818,2,1588165442
819,3,1588168015
820,3,1588162976
821,3,1588164115
822,1,1588164407
823,2,1588163594
824,1,1588167723
825,3,1588164026
826,1,1588165084
827,1,1588163876
828,1,1588162804
829,2,1588162720
830,3,1588163368
831,3,1588161396
832,2,1588166791
833,1,1588166944
834,1,1588162167
835,1,1588163479
836,2,1588165639
837,2,1588161500
838,2,1588168137
839,1,1588168709
840,2,1588163200
841,3,1588165182
842,1,1588170381
843,2,1588166529
844,2,1588165571
845,3,1588163387
846,2,1588162272
847,1,1588165414
848,2,1588161872
849,2,1588163605
850,2,1588167039
851,2,1588161605
852,3,1588167468
853,2,1588166351
854,1,1588163776
855,2,1588165786
856,1,1588165680
857,2,1588164629
858,3,1588167419
859,3,1588162061
860,3,1588163634
861,2,1588166142
862,1,1588164124
863,2,1588165539
864,2,1588161481
865,3,1588166787
866,1,1588169091
867,2,1588164391
868,1,1588164660
869,2,1588164660
870,3,1588164417
871,1,1588161702
872,1,1588169008
873,2,1588165142
874,3,1588163531
875,2,1588167999
876,2,1588166189
877,2,1588166206
878,1,1588164029
879,2,1588166938
880,3,1588163818
881,3,1588163193
882,3,1588164490
883,1,1588165074
884,1,1588163531
885,1,1588167575
886,2,1588167353
887,1,1588163578
888,2,1588166715
889,3,1588164247
890,1,1588163039
891,3,1588165235
892,3,1588163056
893,2,1588162754
894,2,1588162285
895,3,1588164470
896,2,1588163429
897,2,1588161689
898,3,1588168070
899,2,1588167013
900,2,1588166848
901,2,1588163599
902,1,1588162224
903,3,1588165509
904,2,1588162503
905,3,1588162529
906,3,1588164298
907,2,1588164608
908,3,1588166369
909,2,1588163858
910,1,1588163159
911,2,1588166444
912,3,1588167795
913,2,1588164762
914,3,1588165067
915,2,1588167077
916,3,1588161935
917,2,1588165973
918,1,1588166311
919,2,1588166035
920,3,1588164623
921,1,1588164246
922,1,1588164183
923,1,1588163163
924,1,1588165287
925,1,1588163898
926,3,1588164211
927,2,1588163241
928,1,1588163993
929,2,1588163856
930,3,1588167406
931,1,1588165562
932,2,1588168370
933,1,1588165271
934,3,1588164270
935,1,1588165751
936,1,1588164193
937,2,1588166941
938,1,1588163628
939,1,1588164247
940,2,1588166218
941,1,1588168568
942,3,1588164067
943,3,1588161930
944,3,1588165790
945,3,1588166345
946,1,1588163842
947,2,1588166669
948,2,1588166483
949,1,1588165387
950,1,1588164292
951,1,1588165454
952,2,1588167262
953,2,1588162744
954,2,1588163860
955,2,1588166917
956,3,1588167814
957,3,1588170249
958,1,1588162003
959,1,1588163406
960,1,1588166918
961,1,1588163479
962,1,1588162101
963,2,1588166806
964,1,1588164180
965,1,1588167460
966,3,1588164760
967,3,1588163054
968,1,1588166524
969,3,1588164017
970,1,1588165079
971,2,1588166281
972,1,1588163791
973,3,1588165380
974,2,1588163983
975,3,1588166929
976,3,1588160650
977,2,1588168850
978,3,1588168109
979,1,1588169414
980,3,1588166227
981,2,1588163677
982,2,1588162508
983,3,1588168256
984,1,1588165463
985,3,1588165865
986,2,1588161989
987,3,1588163391
988,3,1588165539
989,2,1588169272
990,2,1588168548
991,1,1588161740
992,3,1588164471
993,3,1588164992
994,2,1588165976
995,3,1588163581
996,1,1588168065
997,3,1588162320
998,2,1588165176
999,1,1588162731
1000,1,1588166799
1,2,1588164997
2,2,1588164321
3,1,1588166849
4,3,1588168657
5,1,1588170097
6,1,1588167045
7,3,1588167861
8,1,1588166339
9,3,1588162451
10,2,1588161646
11,2,1588163750
12,2,1588162199
13,1,1588166351
14,3,1588162739
15,3,1588164315
16,1,1588162938
17,3,1588166343
18,3,1588165504
19,3,1588166059
20,1,1588162434
21,2,1588166941
22,1,1588168878
23,2,1588165525
24,3,1588165941
25,1,1588165867
26,3,1588162860
27,1,1588161865
28,3,1588165508
29,1,1588164529
30,3,1588168355
31,2,1588165049
32,3,1588167059
33,2,1588167562
34,2,1588165489
35,2,1588167000
36,2,1588164102
37,2,1588165798
38,3,1588168097
39,3,1588168656
40,2,1588160188
41,1,1588162832
42,2,1588168632
43,1,1588166619
44,1,1588167639
45,2,1588169115
46,2,1588161677
47,3,1588162936
48,3,1588161630
49,2,1588165346
50,3,1588165150
51,3,1588165190
52,3,1588164212
53,1,1588165439
54,1,1588164513
55,1,1588165114
56,2,1588164392
57,3,1588164563
58,1,1588167643
59,1,1588168474
60,3,1588165023
61,2,1588163534
62,3,1588164301
63,3,1588162270
64,3,1588166313
65,1,1588162930
66,2,1588164200
67,1,1588161505
68,3,1588166115
69,3,1588164280
70,3,1588170211
71,3,1588166053
72,1,1588166759
73,1,1588164544
74,2,1588160570
75,2,1588167269
76,2,1588163077
77,3,1588166193
78,3,1588162929
79,1,1588166744
80,1,1588166509
81,3,1588167149
82,1,1588165357
83,1,1588169862
84,3,1588164052
85,2,1588163713
86,1,1588163991
87,1,1588162437
88,1,1588161672
89,1,1588167110
90,3,1588165732
91,1,1588165836
92,2,1588163362
93,2,1588162203
94,1,1588168596
95,1,1588167081
96,3,1588166004
97,3,1588164405
98,2,1588165146
99,3,1588167949
100,2,1588163891
101,1,1588168240
102,1,1588162699
103,3,1588166694
104,3,1588165901
105,1,1588167183
106,3,1588164715
107,2,1588166723
108,1,1588165371
109,2,1588167476
110,2,1588166147
111,1,1588166494
112,2,1588162623
113,2,1588160718
114,1,1588164303
115,3,1588165524
116,3,1588163442
117,3,1588161844
118,3,1588158962
119,3,1588163694
120,1,1588166641
121,3,1588164992
122,2,1588166629
123,1,1588165871
124,3,1588162624
125,3,1588167919
126,1,1588164471
127,2,1588161935
128,3,1588161002
129,3,1588162425
130,3,1588162351
131,2,1588165894
132,1,1588164687
133,3,1588166280
134,3,1588168668
135,2,1588166279
136,1,1588166906
137,3,1588164248
138,2,1588166009
139,2,1588160639
140,3,1588166879
141,1,1588162417
142,2,1588165107
143,3,1588164715
144,2,1588168768
145,3,1588165930
146,1,1588163390
147,1,1588164141
148,3,1588166675
149,2,1588164925
150,2,1588165240
151,1,1588164013
152,2,1588163986
153,1,1588163271
154,1,1588165622
155,2,1588166009
156,3,1588165930
157,1,1588165637
158,1,1588165934
159,1,1588167776
160,1,1588165349
161,1,1588165211
162,2,1588166341
163,3,1588165387
164,2,1588167986
165,2,1588162837
166,3,1588165439
167,1,1588162832
168,3,1588166193
169,2,1588168498
170,3,1588162341
171,2,1588166932
172,1,1588165207
173,3,1588168499
174,3,1588165373
175,1,1588164516
176,1,1588167814
177,2,1588165318
178,2,1588167646
179,1,1588163634
180,2,1588165854
181,1,1588164309
182,3,1588162180
183,3,1588167504
184,2,1588166495
185,3,1588164882
186,1,1588166871
187,1,1588166173
188,1,1588163135
189,3,1588166283
190,3,1588165997
191,3,1588166650
192,1,1588163655
193,1,1588163028
194,3,1588164119
195,2,1588167258
196,2,1588163118
197,2,1588163504
198,2,1588162498
199,1,1588167616
200,2,1588167469
201,3,1588166115
202,3,1588161609
203,2,1588167630
204,2,1588164551
205,2,1588165495
206,3,1588163328
207,2,1588164848
208,1,1588164750
209,1,1588168018
210,2,1588165249
211,1,1588166651
212,1,1588162804
213,1,1588164749
214,1,1588163662
215,2,1588167346
216,2,1588165904
217,1,1588162442
218,1,1588165934
219,3,1588164438
220,1,1588163593
221,3,1588167744
222,1,1588164306
223,2,1588164428
224,3,1588165637
225,3,1588163650
226,2,1588167192
227,3,1588166117
228,2,1588160997
229,2,1588166800
230,1,1588162433
231,3,1588164487
232,2,1588165649
233,2,1588164576
234,1,1588165554
235,3,1588163381
236,2,1588166680
237,1,1588165266
238,2,1588164042
239,3,1588165119
240,2,1588168250
241,3,1588165556
242,1,1588164512
243,1,1588164422
244,2,1588163329
245,3,1588165757
246,2,1588168854
247,2,1588162595
248,2,1588165129
249,2,1588168381
250,2,1588167860
251,1,1588168818
252,2,1588165901
253,2,1588163431
254,1,1588166566
255,3,1588165224
256,3,1588170976
257,1,1588165154
258,3,1588166808
259,3,1588163141
260,2,1588165812
261,1,1588166574
262,1,1588163369
263,3,1588165039
264,1,1588164774
265,3,1588164769
266,3,1588162843
267,1,1588166417
268,3,1588165387
269,1,1588166448
270,3,1588168538
271,2,1588164676
272,1,1588161920
273,1,1588163437
274,1,1588163329
275,2,1588164802
276,3,1588163565
277,1,1588166173
278,3,1588167268
279,1,1588166211
280,2,1588165498
281,1,1588168639
282,2,1588165433
283,1,1588165010
284,3,1588167783
285,2,1588169202
286,2,1588164899
287,3,1588165239
288,1,1588163037
289,1,1588164380
290,2,1588167840
291,2,1588160452
292,2,1588167473
293,1,1588164659
294,3,1588165354
295,3,1588165209
296,1,1588164610
297,3,1588165210
298,1,1588166530
299,1,1588166483
300,3,1588168009
301,2,1588168780
302,2,1588167165
303,3,1588166114
304,1,1588162559
305,1,1588161867
306,3,1588163329
307,3,1588162695
308,2,1588167386
309,2,1588164517
310,2,1588166682
311,2,1588167173
312,1,1588166927
313,1,1588170479
314,1,1588168847
315,2,1588166750
316,2,1588165182
317,1,1588166408
318,1,1588167653
319,2,1588163017
320,3,1588167774
321,2,1588166570
322,3,1588166569
323,3,1588166485
324,2,1588162469
325,1,1588165496
326,2,1588163130
327,1,1588165231
328,2,1588163046
329,2,1588165291
330,3,1588160920
331,2,1588166751
332,3,1588162987
333,2,1588165634
334,3,1588166039
335,1,1588164096
336,1,1588164963
337,3,1588166069
338,1,1588164046
339,2,1588167017
340,3,1588164817
341,3,1588164297
342,1,1588162029
343,2,1588165354
344,2,1588163992
345,2,1588167504
346,3,1588165917
347,3,1588164310
348,1,1588164767
349,1,1588165127
350,2,1588163835
351,3,1588166528
352,3,1588162879
353,3,1588164170
354,2,1588167792
355,1,1588165835
356,2,1588165868
357,2,1588163749
358,3,1588170355
359,2,1588167439
360,3,1588162816
361,2,1588166293
362,1,1588163348
363,2,1588167504
364,3,1588167721
365,3,1588165759
366,2,1588164595
367,1,1588163980
368,2,1588164479
369,2,1588164722
370,1,1588163607
371,2,1588173073
372,1,1588165588
373,3,1588165682
374,1,1588163515
375,3,1588163541
376,2,1588164931
377,1,1588164000
378,1,1588170310
379,1,1588167451
380,1,1588164413
381,3,1588165930
382,3,1588167230
383,2,1588162098
384,1,1588167767
385,2,1588165262
386,1,1588167241
387,3,1588162794
388,3,1588167512
389,2,1588166261
390,2,1588165800
391,3,1588165067
392,3,1588168163
393,1,1588162621
394,2,1588162216
395,3,1588164103
396,2,1588164640
397,1,1588166344
398,3,1588161400
399,2,1588163800
400,1,1588165236
401,3,1588161075
402,1,1588168420
403,2,1588165750
404,1,1588170583
405,2,1588166354
406,2,1588162705
407,3,1588163631
408,1,1588165887
409,1,1588168101
410,3,1588166396
411,2,1588163918
412,2,1588164785
413,3,1588166293
414,2,1588163813
415,2,1588166349
416,1,1588165531
417,3,1588166802
418,2,1588166610
419,2,1588164373
420,2,1588164070
421,1,1588163617
422,2,1588167514
423,2,1588166556
424,3,1588163192
425,3,1588165832
426,2,1588161326
427,2,1588164238
428,1,1588163001
429,2,1588161804
430,2,1588163253
431,3,1588162857
432,1,1588161875
433,1,1588164801
434,1,1588163193
435,3,1588163476
436,3,1588164533
437,2,1588165691
438,1,1588162789
439,2,1588167414
440,3,1588166407
441,1,1588165054
442,3,1588164006
443,2,1588165785
444,2,1588163796
445,1,1588161332
446,1,1588164179
447,3,1588166112
448,3,1588166735
449,2,1588164023
450,1,1588167235
451,3,1588165978
452,2,1588167084
453,1,1588162548
454,2,1588163148
455,2,1588162824
456,2,1588168238
457,3,1588164933
458,3,1588164980
459,1,1588168339
460,2,1588164803
461,1,1588165652
462,2,1588164893
463,2,1588161565
464,1,1588169082
465,1,1588164756
466,2,1588168501
467,1,1588163553
468,1,1588167163
469,2,1588164983
470,2,1588165754
471,1,1588166982
472,3,1588165716
473,1,1588165691
474,1,1588160273
475,3,1588165748
476,2,1588162371
477,2,1588163410
478,3,1588162858
479,3,1588166190
480,3,1588167060
481,1,1588165197
482,2,1588162898
483,3,1588170796
484,3,1588163456
485,3,1588163148
486,3,1588164936
487,2,1588168504
488,2,1588165453
489,1,1588166418
490,1,1588162654
491,1,1588163850
492,1,1588163420
493,2,1588163700
494,1,1588162379
495,3,1588165111
496,2,1588165211
497,1,1588162876
498,1,1588165915
499,3,1588164558
500,1,1588162877
501,2,1588164432
502,3,1588163367
503,2,1588164919
504,3,1588162087
505,3,1588165544
506,2,1588164544
507,2,1588167749
508,3,1588166763
509,2,1588165019
510,1,1588165665
511,3,1588163712
512,1,1588166992
513,1,1588164934
514,3,1588166231
515,2,1588165431
516,2,1588162311
517,3,1588169484
518,2,1588165064
519,1,1588164724
520,1,1588166765
521,3,1588166248
522,3,1588165419
523,1,1588167282
524,2,1588163749
525,1,1588169007
526,3,1588164535
527,3,1588167366
528,3,1588167388
529,3,1588167055
530,2,1588165536
531,1,1588163547
532,1,1588166910
533,1,1588167357
534,2,1588168632
535,3,1588164171
536,1,1588162686
537,2,1588164515
538,1,1588166179
539,3,1588164596
540,3,1588166167
541,2,1588161956
542,2,1588168061
543,3,1588164020
544,2,1588164440
545,1,1588166512
546,1,1588168363
547,1,1588169365
548,1,1588165713
549,1,1588165810
550,3,1588166494
551,1,1588161169
552,1,1588162105
553,1,1588163853
554,1,1588165137
555,3,1588166663
556,3,1588165543
557,3,1588169048
558,3,1588163741
559,1,1588164895
560,2,1588166344
561,3,1588163437
562,2,1588163260
563,2,1588166518
564,3,1588160660
565,2,1588165341
566,2,1588163063
567,2,1588165187
568,1,1588161707
569,3,1588168152
570,3,1588164568
571,2,1588163205
572,1,1588163639
573,2,1588167414
574,2,1588159794
575,1,1588167686
576,1,1588166449
577,1,1588164935
578,2,1588162230
579,1,1588164264
580,1,1588166177
581,3,1588167132
582,1,1588162698
583,3,1588166920
584,3,1588166066
585,1,1588166131
586,1,1588163581
587,3,1588168252
588,3,1588167108
589,1,1588167480
590,2,1588163485
591,3,1588165952
592,3,1588163438
593,2,1588166511
594,1,1588165278
595,1,1588164568
596,2,1588164168
597,3,1588163582
598,2,1588167154
599,2,1588164419
600,2,1588162456
601,2,1588164994
602,2,1588164979
603,3,1588164043
604,3,1588165478
605,1,1588164275
606,3,1588168550
607,3,1588162850
608,1,1588166108
609,1,1588164385
610,1,1588164305
611,2,1588165266
612,2,1588166373
613,2,1588162957
614,1,1588166055
615,2,1588166038
616,1,1588164243
617,1,1588170371
618,2,1588165619
619,3,1588160070
620,3,1588165620
621,1,1588161160
622,3,1588167257
623,2,1588163665
624,3,1588166067
625,3,1588163164
626,1,1588163233
627,2,1588162485
628,1,1588169291
629,1,1588163172
630,3,1588164167
631,1,1588162560
632,2,1588168217
633,1,1588164770
634,1,1588162946
635,1,1588169983
636,2,1588164939
637,1,1588164508
638,1,1588167783
639,1,1588162463
640,2,1588165735
641,3,1588168038
642,3,1588162457
643,2,1588170476
644,1,1588166093
645,2,1588165270
646,2,1588162958
647,1,1588162042
648,3,1588170644
649,3,1588165387
650,1,1588162720
651,1,1588162555
652,2,1588165760
653,2,1588165489
654,1,1588165555
655,1,1588168238
656,1,1588166965
657,3,1588166806
658,2,1588166720
659,1,1588167287
660,1,1588165868
661,2,1588165528
662,3,1588166916
663,2,1588165000
664,1,1588164063
665,1,1588166391
666,2,1588163714
667,1,1588164770
668,2,1588167186
669,3,1588165222
670,3,1588161913
671,3,1588166091
672,2,1588163664
673,1,1588166542
674,1,1588164153
675,2,1588167401
676,2,1588166168
677,2,1588164294
678,2,1588160574
679,3,1588164739
680,1,1588167418
681,2,1588164425
682,1,1588164734
683,1,1588165285
684,3,1588164669
685,3,1588168191
686,2,1588162213
687,1,1588163731
688,2,1588165223
689,1,1588167683
690,3,1588163598
691,1,1588165667
692,2,1588164629
693,3,1588169419
694,2,1588162550
695,3,1588167179
696,1,1588166317
697,2,1588167760
698,3,1588166399
699,2,1588165343
700,2,1588165172
701,2,1588163912
702,2,1588166818
703,1,1588165524
704,3,1588166091
705,2,1588160407
706,1,1588162256
707,3,1588166653
708,1,1588163421
709,1,1588164816
710,3,1588162832
711,2,1588167372
712,2,1588163896
713,2,1588161971
714,3,1588164774
715,2,1588162501
716,3,1588160708
717,1,1588168553
718,2,1588165114
719,2,1588163279
720,3,1588164059
721,1,1588166255
722,2,1588168121
723,3,1588166884
724,2,1588167358
725,1,1588163698
726,1,1588169706
727,1,1588166197
728,1,1588166921
729,3,1588159926
730,2,1588165859
731,2,1588167359
732,1,1588167598
733,3,1588164894
734,2,1588163358
735,1,1588162727
736,2,1588162624
737,2,1588158260
738,1,1588161757
739,1,1588170412
740,1,1588167004
741,2,1588165794
742,1,1588162500
743,1,1588163041
744,2,1588163279
745,1,1588163929
746,1,1588166460
747,1,1588166795
748,3,1588162815
749,3,1588164377
750,1,1588165673
751,3,1588168912
752,3,1588166547
753,2,1588163218
754,2,1588163469
755,3,1588165235
756,3,1588163850
757,2,1588163629
758,2,1588163423
759,2,1588161935
760,3,1588167094
761,3,1588169367
762,3,1588166543
763,1,1588168043
764,1,1588163152
765,3,1588163837
766,2,1588167879
767,3,1588167361
768,3,1588161557
769,2,1588163753
770,2,1588168271
771,2,1588164278
772,3,1588165581
773,1,1588164180
774,3,1588166747
775,1,1588164395
776,3,1588165004
777,1,1588167699
778,2,1588166132
779,1,1588165027
780,3,1588165303
781,2,1588163549
782,1,1588164473
783,2,1588167529
784,3,1588165415
785,3,1588164836
786,3,1588165051
787,3,1588164248
788,2,1588167984
789,2,1588167124
790,2,1588163467
791,3,1588164601
792,1,1588169777
793,3,1588164134
794,3,1588165726
795,3,1588167079
796,2,1588165458
797,2,1588164737
798,1,1588166609
799,1,1588166258
800,2,1588163223
801,2,1588165062
802,3,1588164650
803,3,1588166191
804,2,1588164709
805,2,1588164470
806,3,1588164069
807,3,1588165270
808,2,1588164209
809,3,1588167516
810,1,1588162883
811,2,1588166715
812,1,1588169775
813,1,1588166051
814,3,1588165983
815,1,1588164847
816,3,1588166991
817,2,1588165474
818,3,1588167234
819,1,1588165773
820,3,1588164242
821,2,1588165083
822,1,1588169560
823,3,1588166966
824,2,1588166035
825,3,1588162929
826,2,1588166109
827,2,1588166450
828,1,1588163035
829,3,1588165214
830,3,1588164463
831,3,1588162774
832,3,1588163549
833,1,1588166649
834,3,1588164630
835,3,1588163864
836,2,1588166262
837,2,1588166036
838,1,1588162221
839,1,1588161704
840,3,1588162687
841,1,1588162387
842,1,1588165086
843,1,1588164640
844,1,1588165591
845,1,1588165896
846,2,1588164687
847,1,1588164669
848,3,1588164948
849,3,1588166430
850,3,1588166075
851,1,1588166587
852,1,1588163863
853,2,1588163819
854,1,1588166642
855,1,1588162878
856,1,1588164108
857,3,1588165740
858,3,1588164037
859,3,1588163483
860,1,1588164462
861,2,1588163824
862,1,1588167514
863,3,1588164957
864,1,1588165911
865,1,1588163171
866,1,1588163724
867,2,1588163729
868,1,1588166732
869,1,1588168095
870,3,1588165946
871,2,1588164642
872,2,1588165989
873,3,1588166166
874,3,1588163188
875,2,1588164216
876,3,1588163815
877,2,1588167745
878,1,1588167905
879,1,1588166783
880,3,1588164100
881,3,1588163272
882,3,1588165027
883,3,1588165322
884,2,1588163347
885,3,1588164120
886,1,1588164612
887,1,1588165388
888,3,1588163263
889,1,1588165185
890,3,1588165718
891,1,1588167287
892,1,1588163227
893,1,1588162564
894,3,1588164402
895,3,1588164810
896,2,1588166628
897,3,1588165270
898,3,1588160338
899,1,1588164026
900,1,1588164135
901,1,1588163903
902,2,1588165817
903,3,1588167776
904,3,1588164400
905,3,1588166388
906,2,1588166153
907,2,1588162209
908,1,1588166830
909,1,1588171584
910,2,1588162628
911,3,1588167443
912,3,1588168410
913,1,1588167594
914,1,1588160767
915,1,1588162981
916,1,1588163225
917,1,1588166002
918,1,1588163174
919,3,1588165709
920,3,1588163715
921,1,1588165084
922,1,1588165705
923,1,1588165862
924,1,1588167753
925,2,1588168058
926,2,1588164635
927,1,1588160436
928,2,1588161046
929,2,1588164843
930,2,1588166015
931,2,1588163988
932,2,1588164900
933,1,1588165743
934,1,1588166071
935,1,1588163866
936,3,1588162426
937,2,1588165830
938,3,1588163466
939,1,1588164267
940,2,1588167836
941,1,1588162914
942,1,1588164696
943,1,1588162542
944,2,1588162685
945,3,1588162568
946,1,1588160876
947,3,1588167012
948,1,1588167668
949,3,1588166455
950,1,1588162018
951,1,1588164747
952,1,1588162924
953,3,1588164289
954,2,1588165510
955,3,1588160035
956,1,1588166009
957,3,1588166228
958,2,1588167112
959,3,1588167031
960,1,1588163692
961,3,1588163307
962,1,1588161240
963,3,1588165392
964,3,1588162303
965,2,1588165545
966,1,1588166432
967,1,1588163436
968,2,1588164292
969,1,1588164363
970,1,1588162054
971,2,1588167462
972,1,1588162889
973,3,1588167112
974,3,1588165060
975,3,1588165294
976,3,1588162073
977,1,1588164411
978,1,1588167148
979,2,1588167489
980,3,1588165043
981,3,1588169417
982,1,1588164009
983,1,1588164078
984,1,1588163537
985,3,1588166275
986,3,1588168033
987,1,1588166146
988,3,1588166995
989,3,1588166282
990,2,1588162250
991,3,1588167446
992,1,1588164062
993,1,1588163492
994,3,1588164066
995,1,1588165841
996,2,1588164259
997,1,1588166691
998,2,1588163341
999,3,1588163531
1000,2,1588159140
1,1,1588167126
2,3,1588162718
3,3,1588163126
4,1,1588170118
5,1,1588163983
6,3,1588163495
7,1,1588164016
8,3,1588168263
9,3,1588165310
10,2,1588164448
11,3,1588165271
12,1,1588166787
13,2,1588163269
14,3,1588161332
15,1,1588166691
16,2,1588163391
17,3,1588163916
18,1,1588164484
19,1,1588163086
20,3,1588162823
21,2,1588165198
22,1,1588168678
23,2,1588167609
24,2,1588167474
25,1,1588164602
26,3,1588163508
27,2,1588163757
28,3,1588164486
29,1,1588166489
30,2,1588162288
31,2,1588165227
32,1,1588163065
33,2,1588166931
34,1,1588161611
35,3,1588167664
36,2,1588164497
37,3,1588164505
38,2,1588161410
39,1,1588164793
40,3,1588164746
41,3,1588165731
42,3,1588163186
43,3,1588163047
44,3,1588165305
45,3,1588165853
46,3,1588169230
47,2,1588166033
48,2,1588163608
49,3,1588162990
50,2,1588167828
51,2,1588164504
52,2,1588161926
53,3,1588166689
54,3,1588164370
55,1,1588163776
56,1,1588167022
57,2,1588164598
58,2,1588165655
59,3,1588164533
60,2,1588163845
61,3,1588165883
62,3,1588161227
63,2,1588163384
64,3,1588163482
65,3,1588167090
66,2,1588165082
67,3,1588165660
68,3,1588164177
69,2,1588163746
70,2,1588167004
71,3,1588167818
72,3,1588165194
73,3,1588164404
74,1,1588164830
75,1,1588166887
76,1,1588165698
77,1,1588163251
78,2,1588167332
79,3,1588165128
80,1,1588168689
81,2,1588165262
82,2,1588163823
83,1,1588165617
84,3,1588163178
85,2,1588164902
86,1,1588165486
87,1,1588165983
88,2,1588167161
89,1,1588165856
90,1,1588165738
91,3,1588162873
92,3,1588164571
93,1,1588165364
94,2,1588163035
95,3,1588166928
96,3,1588165710
97,3,1588165287
98,2,1588164844
99,2,1588165035
100,3,1588164738
101,1,1588164070
102,3,1588167675
103,3,1588166248
104,1,1588162359
105,2,1588164789
106,2,1588164997
107,2,1588165603
108,3,1588165792
109,3,1588165809
110,1,1588165572
111,3,1588165062
112,3,1588165669
113,2,1588163723
114,3,1588163849
115,2,1588165257
116,2,1588164308
117,1,1588167451
118,1,1588164598
119,2,1588167601
120,2,1588165103
121,2,1588163361
122,1,1588166317
123,3,1588167154
124,1,1588168286
125,3,1588168812
126,2,1588165915
127,3,1588164038
128,2,1588166731
129,2,1588165574
130,3,1588167089
131,2,1588166154
132,2,1588165214
133,3,1588166517
134,2,1588166534
135,2,1588166182
136,2,1588162857
137,3,1588165949
138,3,1588166475
139,1,1588165363
140,2,1588167814
141,3,1588162585
142,2,1588165140
143,2,1588165300
144,1,1588167052
145,1,1588165824
146,3,1588166853
147,1,1588166038
148,2,1588163645
149,2,1588165710
150,1,1588167897
151,2,1588162958
152,2,1588166186
153,2,1588164773
154,2,1588165982
155,1,1588162851
156,1,1588164514
157,1,1588166510
158,3,1588165706
159,1,1588163680
160,2,1588166707
161,1,1588164664
162,1,1588164084
163,2,1588167369
164,2,1588164590
165,3,1588168607
166,1,1588164419
167,3,1588165011
168,1,1588165767
169,1,1588166183
170,2,1588162884
171,3,1588165459
172,2,1588166174
173,2,1588167049
174,1,1588168296
175,3,1588164288
176,2,1588164290
177,3,1588166954
178,2,1588161915
179,3,1588168458
180,2,1588167982
181,2,1588165226
182,3,1588163519
183,1,1588167467
184,1,1588165139
185,2,1588168968
186,3,1588166083
187,3,1588168291
188,2,1588165032
189,1,1588160806
190,1,1588165936
191,1,1588162017
192,3,1588165744
193,3,1588165199
194,1,1588168482
195,2,1588165980
196,2,1588169273
197,3,1588163975
198,2,1588165165
199,2,1588162759
200,2,1588167684
201,3,1588166732
202,3,1588159821
203,2,1588166176
204,1,1588163093
205,1,1588164225
206,1,1588165328
207,1,1588167280
208,1,1588166959
209,1,1588163826
210,2,1588163811
211,3,1588165078
212,3,1588165429
213,1,1588165364
214,3,1588166914
215,1,1588165339
216,1,1588167226
217,3,1588165466
218,3,1588164610
219,2,1588169254
220,3,1588169281
221,3,1588167049
222,1,1588166852
223,1,1588162918
224,2,1588163570
225,2,1588161356
226,1,1588159726
227,2,1588163784
228,2,1588167156
229,1,1588161820
230,1,1588163521
231,3,1588162464
232,2,1588166462
233,3,1588164179
234,1,1588166816
235,3,1588166499
236,2,1588166436
237,2,1588163191
238,3,1588166726
239,1,1588165677
240,2,1588167227
241,2,1588161864
242,3,1588164458
243,1,1588165968
244,2,1588165292
245,2,1588164410
246,2,1588164704
247,3,1588166462
248,2,1588165217
249,1,1588165619
250,2,1588162675
251,1,1588165264
252,1,1588165930
253,3,1588163188
254,1,1588162336
255,2,1588167249
256,2,1588169058
257,1,1588163165
258,3,1588165275
259,2,1588169413
260,3,1588166306
261,1,1588166209
262,3,1588165676
263,3,1588163548
264,1,1588163901
265,2,1588167900
266,2,1588168628
267,1,1588164856
268,2,1588162915
269,1,1588164371
270,2,1588168644
271,1,1588166897
272,2,1588166507
273,1,1588167035
274,1,1588167689
275,1,1588167661
276,1,1588164873
277,1,1588165600
278,3,1588167946
279,3,1588162806
280,1,1588164417
281,1,1588162907
282,3,1588166066
283,3,1588166667
284,3,1588165868
285,3,1588167675
286,1,1588166411
287,1,1588167366
288,3,1588161106
289,1,1588164541
290,3,1588166736
291,1,1588165216
292,3,1588167539
293,1,1588165014
294,1,1588166876
295,3,1588167335
296,2,1588164568
297,2,1588168947
298,3,1588164660
299,2,1588165900
300,3,1588163599
301,1,1588166185
302,2,1588163124
303,2,1588164201
304,3,1588165502
305,2,1588166366
306,2,1588163972
307,3,1588160283
308,2,1588164255
309,2,1588163183
310,1,1588165195
311,2,1588167014
312,2,1588159744
313,3,1588167813
314,1,1588167938
315,3,1588163585
316,3,1588166276
317,2,1588164172
318,1,1588164805
319,1,1588166125
320,3,1588163953
321,3,1588164944
322,3,1588166570
323,2,1588165508
711,3,1588166846
701,3,1588163334
656,1,1588162272
673,2,1588165271
833,1,1588168814
733,3,1588166049
717,2,1588164791
641,3,1588162893
734,3,1588164089
465,3,1588162297
635,3,1588162873
676,3,1588169125
709,1,1588166202
674,2,1588168698
646,2,1588163874
697,2,1588162406
645,2,1588164890
788,3,1588165169
66,3,1588165187
680,1,1588164568
708,1,1588165571