UserID,Surname,Name,Age,Subscription Date
1,Smith,Sarah,30,1588157373
2,Picard,Francine,32,1588161732
3,Roth,Hans,40,1588157337
4,Pomme,Ali,28,1588165636
5,Di Lillo,Jordi,42,1588156042
6,Roth,Anna,26,1588162689
7,Kirk,Jordi,56,1588153009
8,Beierlorzer,Josie,20,1588166376
9,Picard,Robert,39,1588158173
10,Meier,Jean-Luc,37,1588156009
11,Kirk,Josie,31,1588166811
12,Wellington,Sarah,40,1588160408
13,Meier,Francine,32,1588161431
14,Pomme,Anna,41,1588168125
15,Smith,Zoe,26,1588164495
16,Thronton,Thomas,17,1588163739
17,Meier,Sarah,51,1588162192
18,Smith,Thomas,33,1588169603
19,Stephenson,Hans,49,1588163831
20,Smith,Sarah,21,1588163361
21,Wellington,Jordi,43,1588163053
22,Picard,Jordi,35,1588152398
23,Stephenson,Simon,54,1588162456
24,Gwahsi,Sarah,22,1588165278
25,Di Lillo,Thomas,48,1588150766
26,Beierlorzer,Jean-Luc,28,1588148707
27,Kirk,Jordi,34,1588162542
28,Di Lillo,Alok,31,1588157964
29,Roth,Franz,38,1588158433
30,Picard,Andreas,21,1588160223
31,Thronton,Ali,31,1588159200
32,Roth,Hans,42,1588157067
33,Beierlorzer,Zoe,24,1588160437
34,Thronton,Alok,38,1588166343
35,Gwahsi,Simon,22,1588157515
36,Bond,Agaba,16,1588162852
37,Pomme,Thomas,29,1588159655
38,Thronton,Simon,44,1588151812
39,Bond,Ali,40,1588160974
40,Stephenson,Andreas,46,1588157539
41,Bond,Andreas,36,1588148505
42,Wellington,Robert,52,1588161520
43,Bond,Simon,38,1588164619
44,Stephenson,Agaba,29,1588165785
45,Gwahsi,Alok,31,1588150555
46,Beierlorzer,Francine,43,1588155079
47,Picard,Sarah,23,1588161552
48,Gwahsi,Ali,24,1588157502
49,Wellington,Zoe,47,1588165740
50,Picard,Hans,27,1588155462
51,Gwahsi,Jordi,19,1588159088
52,Roth,Jordi,41,1588164971
53,Bond,Jordi,33,1588161949
54,Picard,Sarah,25,1588159506
55,Thronton,Francine,33,1588163100
56,Wellington,Zoe,34,1588157419
57,Thronton,Zoe,45,1588161776
58,Mueller,Franz,19,1588160401
59,Picard,Hans,58,1588162600
60,Picard,Hans,41,1588159095
61,Kirk,Andreas,29,1588149119
62,Pomme,Jordi,38,1588157397
63,Beierlorzer,Jordi,29,1588163924
64,Di Lillo,Lee,38,1588161459
65,Meier,Francine,50,1588167423
66,Bond,Zoe,33,1588161642
67,Gwahsi,Agaba,51,1588155646
68,Pomme,Andreas,35,1588168007
69,Bond,Ali,40,1588156877
70,Mueller,Hans,38,1588163864
71,Beierlorzer,Ali,20,1588160444
72,Stephenson,Alok,44,1588161506
73,Smith,Ali,25,1588152406
74,Stephenson,Francine,39,1588161165
75,Bond,Alok,33,1588165264
76,Picard,Zoe,35,1588163567
77,Roth,Jean-Luc,40,1588150286
78,Kirk,Robert,35,1588158561
79,Stephenson,Jean-Luc,30,1588157108
80,Stephenson,Anna,40,1588167603
81,Thronton,Alok,30,1588156845
82,Roth,Robert,43,1588163025
83,Stephenson,Ali,36,1588164781
84,Kirk,Simon,28,1588150295
85,Smith,Sarah,49,1588158371
86,Beierlorzer,Jordi,9,1588161638
87,Di Lillo,Agaba,18,1588159529
88,Stephenson,Jean-Luc,37,1588158882
89,Stephenson,Simon,39,1588158958
90,Thronton,Jean-Luc,43,1588166019
91,Bond,Jean-Luc,24,1588159458
92,Kirk,Andreas,40,1588159273
93,Thronton,Thomas,24,1588161867
94,Pomme,Franz,38,1588159835
95,Mueller,Anna,22,1588164872
96,Stephenson,Alok,53,1588159295
97,Picard,Lee,42,1588161454
98,Bond,Anna,27,1588165500
99,Meier,Thomas,29,1588164375
100,Mueller,Franz,26,1588160113
101,Bond,Anna,41,1588150350
102,Mueller,Agaba,30,1588158557
103,Pomme,Andreas,19,1588156101
104,Wellington,Agaba,27,1588157511
105,Beierlorzer,Agaba,32,1588164023
106,Smith,Andreas,34,1588154526
107,Smith,Simon,34,1588163868
108,Roth,Zoe,36,1588163275
109,Bond,Agaba,38,1588148180
110,Picard,Robert,35,1588146269
111,Gwahsi,Anna,42,1588159513
112,Picard,Robert,29,1588161373
113,Pomme,Agaba,28,1588162442
114,Pomme,Zoe,31,1588159345
115,Pomme,Alok,15,1588160522
116,Thronton,Hans,31,1588154619
117,Bond,Josie,48,1588159319
118,Gwahsi,Andreas,13,1588156976
119,Pomme,Timothy,26,1588156201
120,Pomme,Josie,45,1588157490
121,Bond,Lee,14,1588157760
122,Gwahsi,Simon,26,1588177954
123,Pomme,Ali,36,1588161557
124,Bond,Sarah,27,1588156358
125,Mueller,Alok,43,1588165691
126,Stephenson,Josie,57,1588153925
127,Smith,Francine,31,1588162083
128,Di Lillo,Thomas,35,1588167746
129,Bond,Sarah,43,1588166061
130,Kirk,Jordi,14,1588158944
131,Mueller,Franz,43,1588157380
132,Meier,Thomas,46,1588156793
133,Roth,Thomas,39,1588166207
134,Kirk,Zoe,44,1588159020
135,Picard,Andreas,33,1588158107
136,Thronton,Jean-Luc,30,1588160809
137,Mueller,Timothy,36,1588164359
138,Picard,Agaba,34,1588166269
139,Stephenson,Franz,10,1588157565
140,Gwahsi,Jordi,29,1588157324
141,Wellington,Hans,18,1588160490
142,Kirk,Alok,33,1588156614
143,Picard,Agaba,28,1588152010
144,Stephenson,Franz,24,1588149669
145,Picard,Lee,30,1588160732
146,Stephenson,Jordi,33,1588170454
147,Thronton,Francine,41,1588163067
148,Picard,Francine,35,1588158693
149,Pomme,Hans,41,1588155414
150,Pomme,Jean-Luc,31,1588156803
151,Wellington,Simon,45,1588168135
152,Picard,Andreas,38,1588158866
153,Bond,Agaba,26,1588156380
154,Beierlorzer,Franz,37,1588162119
155,Picard,Thomas,20,1588160804
156,Stephenson,Simon,23,1588159015
157,Meier,Lee,18,1588158390
158,Bond,Josie,32,1588165322
159,Gwahsi,Lee,34,1588157960
160,Pomme,Ali,21,1588155088
161,Picard,Thomas,26,1588162311
162,Picard,Sarah,18,1588157282
163,Thronton,Agaba,47,1588160679
164,Gwahsi,Jean-Luc,27,1588157455
165,Beierlorzer,Sarah,50,1588158553
166,Mueller,Simon,48,1588159778
167,Stephenson,Lee,34,1588157512
168,Gwahsi,Robert,42,1588158676
169,Meier,Jean-Luc,41,1588158938
170,Meier,Francine,36,1588162344
171,Meier,Francine,32,1588157344
172,Bond,Sarah,44,1588162648
173,Roth,Zoe,30,1588164274
174,Smith,Jean-Luc,22,1588159246
175,Smith,Agaba,36,1588167342
176,Pomme,Jordi,43,1588160816
177,Beierlorzer,Jean-Luc,45,1588166705
178,Mueller,Simon,31,1588167348
179,Beierlorzer,Timothy,42,1588147835
180,Thronton,Jean-Luc,30,1588167711
181,Beierlorzer,Thomas,9,1588160200
182,Meier,Robert,39,1588169491
183,Mueller,Zoe,49,1588162256
184,Thronton,Francine,26,1588160829
185,Picard,Andreas,20,1588168218
186,Picard,Josie,50,1588162852
187,Kirk,Jordi,39,1588148485
188,Bond,Jean-Luc,46,1588158870
189,Smith,Alok,23,1588157828
190,Kirk,Jordi,22,1588167645
191,Smith,Alok,36,1588158948
192,Di Lillo,Sarah,52,1588154027
193,Pomme,Andreas,22,1588165262
194,Mueller,Franz,42,1588156272
195,Kirk,Josie,29,1588154773
196,Meier,Zoe,29,1588166939
197,Bond,Ali,37,1588168153
198,Stephenson,Ali,24,1588159417
199,Roth,Agaba,19,1588165088
200,Bond,Jean-Luc,29,1588166078
201,Stephenson,Francine,38,1588163490
202,Kirk,Thomas,36,1588154922
203,Bond,Sarah,40,1588166290
204,Smith,Thomas,46,1588166954
205,Beierlorzer,Alok,42,1588170382
206,Kirk,Agaba,44,1588164919
207,Picard,Jordi,55,1588153477
208,Beierlorzer,Jordi,41,1588153695
209,Beierlorzer,Lee,46,1588169737
210,Bond,Jordi,28,1588156296
211,Thronton,Timothy,38,1588157706
212,Roth,Anna,25,1588170471
213,Beierlorzer,Andreas,43,1588162006
214,Gwahsi,Jordi,29,1588154334
215,Kirk,Lee,37,1588168284
216,Meier,Agaba,45,1588165035
217,Stephenson,Anna,24,1588164264
218,Picard,Francine,49,1588160442
219,Wellington,Hans,35,1588149346
220,Roth,Simon,27,1588155645
221,Thronton,Jean-Luc,24,1588162302
222,Picard,Andreas,29,1588155098
223,Gwahsi,Simon,39,1588156618
224,Di Lillo,Timothy,27,1588160072
225,Roth,Franz,48,1588160196
226,Kirk,Jean-Luc,36,1588157292
227,Di Lillo,Timothy,27,1588156491
228,Pomme,Zoe,43,1588166095
229,Mueller,Jean-Luc,30,1588155518
230,Picard,Jordi,39,1588159944
231,Roth,Jordi,37,1588160169
232,Mueller,Robert,33,1588164170
233,Smith,Hans,31,1588163964
234,Gwahsi,Timothy,27,1588166438
235,Beierlorzer,Anna,36,1588152873
236,Beierlorzer,Hans,18,1588157922
237,Mueller,Franz,38,1588152707
238,Meier,Thomas,36,1588158317
239,Smith,Josie,30,1588165500
240,Beierlorzer,Jordi,27,1588157898
241,Di Lillo,Thomas,30,1588157566
242,Roth,Robert,37,1588151185
243,Kirk,Lee,44,1588157031
244,Meier,Agaba,42,1588167478
245,Thronton,Anna,32,1588152428
246,Pomme,Simon,57,1588164296
247,Meier,Thomas,37,1588168135
248,Gwahsi,Jordi,30,1588161022
249,Mueller,Jean-Luc,44,1588167072
250,Gwahsi,Josie,41,1588156610
251,Kirk,Francine,50,1588171994
252,Thronton,Zoe,23,1588150982
253,Smith,Sarah,36,1588163083
254,Smith,Hans,12,1588164806
255,Beierlorzer,Thomas,27,1588146448
256,Bond,Andreas,51,1588158176
257,Di Lillo,Robert,44,1588159731
258,Pomme,Agaba,42,1588155213
259,Mueller,Anna,32,1588154403
260,Roth,Anna,53,1588161053
261,Thronton,Jean-Luc,15,1588162971
262,Stephenson,Anna,51,1588155828
263,Mueller,Simon,36,1588158025
264,Pomme,Simon,33,1588165724
265,Mueller,Thomas,19,1588159858
266,Smith,Jordi,38,1588156624
267,Smith,Agaba,45,1588160750
268,Pomme,Thomas,21,1588156417
269,Mueller,Lee,26,1588162028
270,Stephenson,Anna,17,1588167791
271,Picard,Francine,42,1588165178
272,Bond,Anna,34,1588161989
273,Di Lillo,Ali,37,1588166893
274,Meier,Zoe,35,1588156588
275,Bond,Josie,52,1588165326
276,Di Lillo,Thomas,37,1588162336
277,Picard,Thomas,27,1588154317
278,Wellington,Sarah,36,1588165670
279,Kirk,Simon,54,1588163966
280,Roth,Timothy,35,1588155677
281,Beierlorzer,Ali,44,1588161077
282,Di Lillo,Alok,40,1588159942
283,Beierlorzer,Alok,24,1588168777
284,Beierlorzer,Jean-Luc,44,1588160053
285,Meier,Thomas,38,1588156317
286,Meier,Lee,42,1588153572
287,Stephenson,Timothy,24,1588163487
288,Mueller,Francine,20,1588157962
289,Gwahsi,Agaba,38,1588155237
290,Gwahsi,Jordi,32,1588150166
291,Thronton,Hans,50,1588168745
292,Thronton,Jean-Luc,48,1588161667
293,Roth,Ali,44,1588154693
294,Beierlorzer,Timothy,22,1588156025
295,Beierlorzer,Zoe,24,1588163790
296,Picard,Timothy,35,1588155468
297,Gwahsi,Lee,24,1588159255
298,Mueller,Jordi,37,1588157205
299,Kirk,Zoe,35,1588156030
300,Stephenson,Zoe,28,1588166423
301,Bond,Thomas,28,1588157071
302,Mueller,Anna,40,1588156425
303,Kirk,Anna,21,1588157915
304,Beierlorzer,Francine,34,1588159760
305,Gwahsi,Agaba,47,1588161424
306,Di Lillo,Jordi,33,1588166031
307,Picard,Ali,59,1588162994
308,Wellington,Hans,31,1588159935
309,Picard,Jordi,33,1588165993
310,Beierlorzer,Josie,31,1588153853
311,Pomme,Francine,15,1588155824
312,Pomme,Agaba,23,1588162729
313,Wellington,Andreas,33,1588161362
314,Beierlorzer,Simon,28,1588158616
315,Picard,Anna,33,1588161456
316,Stephenson,Sarah,15,1588166798
317,Kirk,Zoe,24,1588145636
318,Smith,Lee,18,1588165417
319,Di Lillo,Andreas,28,1588158969
320,Stephenson,Andreas,52,1588158592
321,Smith,Ali,48,1588156720
322,Mueller,Jordi,17,1588157751
323,Stephenson,Zoe,37,1588174856
324,Meier,Anna,45,1588157295
325,Gwahsi,Agaba,31,1588164772
326,Picard,Zoe,22,1588149477
327,Thronton,Simon,40,1588158514
328,Bond,Anna,18,1588159368
329,Roth,Sarah,19,1588158218
330,Smith,Thomas,36,1588160787
331,Roth,Jean-Luc,25,1588156458
332,Mueller,Zoe,38,1588153710
333,Kirk,Agaba,35,1588153066
334,Bond,Andreas,38,1588159278
335,Wellington,Simon,33,1588156711
336,Thronton,Zoe,31,1588162632
337,Mueller,Anna,41,1588159868
338,Bond,Thomas,38,1588156041
339,Picard,Zoe,30,1588153044
340,Roth,Sarah,17,1588157107
341,Smith,Josie,31,1588153804
342,Stephenson,Alok,29,1588157485
343,Mueller,Franz,26,1588158860
344,Wellington,Sarah,18,1588158624
345,Roth,Alok,25,1588155399
346,Bond,Sarah,28,1588163654
347,Gwahsi,Robert,31,1588159709
348,Bond,Francine,38,1588159491
349,Picard,Robert,34,1588155748
350,Mueller,Josie,17,1588164977
351,Wellington,Robert,44,1588162447
352,Smith,Francine,40,1588161390
353,Di Lillo,Jean-Luc,26,1588172904
354,Beierlorzer,Josie,28,1588155289
355,Meier,Zoe,49,1588167835
356,Meier,Agaba,29,1588165802
357,Meier,Agaba,21,1588157149
358,Gwahsi,Robert,37,1588160540
359,Bond,Josie,34,1588155637
360,Di Lillo,Zoe,17,1588155423
361,Thronton,Robert,44,1588154146
362,Picard,Timothy,54,1588160439
363,Picard,Robert,34,1588166469
364,Stephenson,Timothy,41,1588161690
365,Thronton,Francine,33,1588164779
366,Mueller,Josie,42,1588169763
367,Gwahsi,Jordi,36,1588169452
368,Gwahsi,Alok,32,1588158609
369,Picard,Alok,43,1588156652
370,Roth,Jean-Luc,35,1588155440
371,Kirk,Anna,43,1588159864
372,Mueller,Simon,35,1588158686
373,Pomme,Simon,47,1588162473
374,Beierlorzer,Francine,55,1588160311
375,Wellington,Jean-Luc,23,1588161388
376,Pomme,Jordi,26,1588154660
377,Picard,Andreas,30,1588161468
378,Mueller,Robert,33,1588161591
379,Beierlorzer,Franz,28,1588163197
380,Smith,Jordi,34,1588162207
381,Beierlorzer,Agaba,32,1588151505
382,Mueller,Jordi,26,1588159690
383,Picard,Ali,34,1588161763
384,Picard,Franz,35,1588161616
385,Stephenson,Andreas,46,1588174859
386,Thronton,Zoe,45,1588161701
387,Di Lillo,Jean-Luc,35,1588161076
388,Smith,Franz,50,1588163714
389,Kirk,Francine,23,1588165972
390,Mueller,Jordi,47,1588172330
391,Thronton,Anna,15,1588159439
392,Thronton,Anna,28,1588153647
393,Stephenson,Alok,16,1588161671
394,Picard,Thomas,47,1588163776
395,Beierlorzer,Robert,30,1588164383
396,Pomme,Alok,12,1588159178
397,Picard,Timothy,31,1588168288
398,Mueller,Andreas,33,1588151663
399,Meier,Jean-Luc,42,1588162014
400,Beierlorzer,Agaba,24,1588162946
401,Stephenson,Andreas,15,1588156197
402,Beierlorzer,Jean-Luc,48,1588162072
403,Di Lillo,Jean-Luc,50,1588163735
404,Roth,Robert,30,1588154740
405,Wellington,Franz,32,1588158434
406,Gwahsi,Franz,51,1588156094
407,Picard,Franz,29,1588158867
408,Pomme,Andreas,29,1588161592
409,Kirk,Simon,25,1588152319
410,Bond,Robert,36,1588157538
411,Mueller,Josie,34,1588162248
412,Beierlorzer,Robert,34,1588155819
413,Di Lillo,Andreas,17,1588150008
414,Roth,Zoe,35,1588160738
415,Beierlorzer,Timothy,30,1588161232
416,Smith,Josie,23,1588156390
417,Gwahsi,Robert,25,1588156293
418,Thronton,Franz,29,1588153286
419,Roth,Francine,15,1588160681
420,Gwahsi,Sarah,40,1588155126
421,Meier,Jordi,40,1588168114
422,Gwahsi,Josie,36,1588160729
423,Picard,Timothy,28,1588163574
424,Kirk,Lee,53,1588154288
425,Gwahsi,Josie,19,1588160927
426,Di Lillo,Andreas,44,1588167748
427,Pomme,Anna,30,1588152414
428,Stephenson,Jean-Luc,20,1588152604
429,Smith,Ali,22,1588160469
430,Smith,Lee,38,1588159427
431,Di Lillo,Ali,33,1588154220
432,Wellington,Timothy,27,1588155293
433,Thronton,Timothy,39,1588156706
434,Di Lillo,Zoe,27,1588156004
435,Di Lillo,Lee,43,1588162875
436,Wellington,Anna,35,1588156772
437,Kirk,Josie,23,1588161780
438,Gwahsi,Timothy,28,1588169929
439,Smith,Thomas,37,1588162598
440,Beierlorzer,Lee,39,1588160709
441,Beierlorzer,Ali,31,1588158947
442,Beierlorzer,Josie,30,1588162916
443,Wellington,Lee,20,1588158240
444,Mueller,Ali,35,1588156747
445,Di Lillo,Hans,47,1588157953
446,Kirk,Lee,35,1588154884
447,Pomme,Jordi,31,1588164792
448,Pomme,Zoe,19,1588158573
449,Mueller,Simon,17,1588157958
450,Beierlorzer,Zoe,19,1588174909
451,Beierlorzer,Lee,25,1588158009
452,Kirk,Sarah,29,1588166899
453,Thronton,Francine,22,1588159795
454,Mueller,Ali,35,1588158362
455,Gwahsi,Thomas,33,1588158286
456,Di Lillo,Josie,46,1588159187
457,Stephenson,Simon,19,1588159394
458,Mueller,Ali,28,1588169500
459,Beierlorzer,Timothy,38,1588152095
460,Picard,Franz,55,1588158340
461,Roth,Lee,51,1588161617
462,Pomme,Jean-Luc,29,1588154687
463,Mueller,Robert,30,1588159592
464,Smith,Lee,30,1588156256
465,Bond,Hans,14,1588160772
466,Stephenson,Francine,27,1588156671
467,Stephenson,Jean-Luc,32,1588164410
468,Smith,Thomas,38,1588152897
469,Wellington,Josie,39,1588157813
470,Meier,Jordi,16,1588166020
471,Meier,Anna,37,1588164427
472,Smith,Agaba,27,1588156296
473,Roth,Anna,39,1588160862
474,Meier,Jean-Luc,29,1588157565
475,Gwahsi,Zoe,39,1588158138
476,Di Lillo,Zoe,33,1588160268
477,Bond,Hans,38,1588156424
478,Beierlorzer,Zoe,44,1588157775
479,Meier,Andreas,8,1588161921
480,Pomme,Andreas,29,1588155856
481,Meier,Ali,34,1588154354
482,Pomme,Lee,39,1588166711
483,Gwahsi,Thomas,24,1588155257
484,Stephenson,Hans,14,1588154724
485,Thronton,Josie,51,1588168233
486,Roth,Franz,41,1588163462
487,Kirk,Francine,37,1588161267
488,Beierlorzer,Josie,36,1588149882
489,Gwahsi,Francine,24,1588154385
490,Pomme,Zoe,47,1588164251
491,Thronton,Alok,30,1588152316
492,Smith,Jean-Luc,43,1588165999
493,Beierlorzer,Francine,35,1588160385
494,Roth,Alok,31,1588165304
495,Beierlorzer,Lee,27,1588155009
496,Roth,Alok,23,1588166300
497,Wellington,Sarah,43,1588163310
498,Kirk,Zoe,21,1588150514
499,Wellington,Alok,26,1588157790
500,Picard,Ali,12,1588159940
501,Wellington,Robert,41,1588159412
502,Roth,Zoe,40,1588161484
503,Gwahsi,Andreas,28,1588155311
504,Wellington,Franz,28,1588156835
505,Bond,Jordi,32,1588160543
506,Wellington,Zoe,32,1588157882
507,Roth,Francine,36,1588157977
508,Wellington,Hans,24,1588158368
509,Picard,Hans,36,1588159001
510,Mueller,Josie,31,1588159414
511,Bond,Hans,33,1588161692
512,Meier,Thomas,35,1588161033
513,Picard,Lee,40,1588165971
514,Roth,Franz,30,1588152321
515,Roth,Josie,18,1588153507
516,Wellington,Josie,57,1588158926
517,Wellington,Simon,40,1588163431
518,Meier,Alok,31,1588156241
519,Wellington,Zoe,34,1588165431
520,Kirk,Anna,46,1588168297
521,Smith,Lee,42,1588169415
522,Di Lillo,Lee,32,1588158761
523,Picard,Timothy,21,1588162430
524,Wellington,Alok,32,1588161922
525,Thronton,Agaba,27,1588162314
526,Kirk,Francine,32,1588153358
527,Kirk,Thomas,49,1588149792
528,Roth,Anna,36,1588161741
529,Pomme,Timothy,48,1588173173
530,Gwahsi,Francine,29,1588158042
531,Bond,Andreas,30,1588168914
532,Gwahsi,Thomas,51,1588164614
533,Meier,Andreas,43,1588171540
534,Di Lillo,Agaba,40,1588157016
535,Smith,Sarah,32,1588153992
536,Pomme,Jean-Luc,39,1588172812
537,Beierlorzer,Francine,49,1588162952
538,Wellington,Hans,23,1588161996
539,Mueller,Simon,14,1588159860
540,Wellington,Jordi,39,1588164126
541,Thronton,Jean-Luc,33,1588160084
542,Wellington,Sarah,19,1588158180
543,Meier,Timothy,45,1588162138
544,Kirk,Jordi,42,1588158146
545,Di Lillo,Simon,29,1588158762
546,Meier,Thomas,43,1588160831
547,Meier,Robert,33,1588160989
548,Pomme,Simon,25,1588165981
549,Smith,Franz,21,1588160348
550,Di Lillo,Simon,44,1588154124
551,Di Lillo,Alok,48,1588163210
552,Gwahsi,Hans,41,1588164102
553,Roth,Robert,35,1588154113
554,Kirk,Alok,49,1588160593
555,Di Lillo,Andreas,13,1588159838
556,Stephenson,Agaba,53,1588156872
557,Thronton,Jordi,37,1588156700
558,Wellington,Ali,62,1588156913
559,Smith,Josie,23,1588162922
560,Pomme,Andreas,34,1588158272
561,Smith,Agaba,31,1588163556
562,Pomme,Zoe,38,1588161377
563,Mueller,Sarah,24,1588168192
564,Thronton,Francine,25,1588162777
565,Smith,Francine,46,1588158845
566,Bond,Franz,30,1588154724
567,Thronton,Alok,33,1588152517
568,Roth,Sarah,29,1588159696
569,Kirk,Thomas,14,1588159423
570,Kirk,Francine,39,1588152963
571,Wellington,Franz,44,1588165545
572,Bond,Andreas,28,1588156157
573,Kirk,Jordi,39,1588156929
574,Picard,Zoe,42,1588166140
575,Smith,Robert,45,1588156119
576,Mueller,Ali,35,1588168662
577,Thronton,Simon,19,1588159292
578,Kirk,Andreas,44,1588156116
579,Meier,Lee,45,1588164617
580,Meier,Jean-Luc,49,1588156126
581,Picard,Anna,43,1588167372
582,Pomme,Robert,26,1588149142
583,Bond,Sarah,41,1588166102
584,Wellington,Anna,24,1588152259
585,Beierlorzer,Jean-Luc,42,1588160560
586,Picard,Lee,49,1588163969
587,Smith,Anna,44,1588163486
588,Di Lillo,Ali,43,1588157117
589,Beierlorzer,Alok,33,1588159809
590,Thronton,Zoe,32,1588161946
591,Bond,Zoe,39,1588162749
592,Kirk,Thomas,37,1588164329
593,Roth,Anna,39,1588158349
594,Kirk,Anna,28,1588163345
595,Meier,Anna,10,1588155264
596,Smith,Sarah,39,1588163705
597,Kirk,Alok,51,1588158057
598,Beierlorzer,Franz,22,1588158634
599,Stephenson,Francine,40,1588161407
600,Di Lillo,Andreas,33,1588161712
601,Stephenson,Francine,36,1588160732
602,Mueller,Franz,31,1588153100
603,Roth,Thomas,16,1588151987
604,Smith,Jean-Luc,51,1588166214
605,Mueller,Agaba,15,1588163684
606,Stephenson,Hans,39,1588165596
607,Picard,Andreas,25,1588168742
608,Picard,Agaba,28,1588159775
609,Beierlorzer,Hans,44,1588159894
610,Roth,Jordi,40,1588158179
611,Thronton,Jean-Luc,42,1588170533
612,Smith,Timothy,30,1588154639
613,Kirk,Josie,32,1588166609
614,Smith,Lee,42,1588162134
615,Mueller,Sarah,28,1588154270
616,Meier,Ali,30,1588158244
617,Beierlorzer,Sarah,38,1588164049
618,Gwahsi,Agaba,32,1588155031
619,Bond,Andreas,44,1588163679
620,Beierlorzer,Josie,48,1588160664
621,Kirk,Simon,45,1588157617
622,Mueller,Hans,32,1588161781
623,Kirk,Sarah,36,1588160120
624,Pomme,Alok,21,1588152011
625,Beierlorzer,Robert,30,1588160277
626,Kirk,Timothy,27,1588164994
627,Wellington,Sarah,27,1588155889
628,Wellington,Jordi,34,1588169461
629,Di Lillo,Franz,44,1588159763
630,Wellington,Timothy,20,1588163006
631,Meier,Anna,29,1588161774
632,Meier,Josie,22,1588168781
633,Pomme,Zoe,29,1588159041
634,Picard,Ali,41,1588170317
635,Di Lillo,Hans,39,1588162586
636,Meier,Andreas,44,1588148889
637,Wellington,Simon,34,1588165045
638,Beierlorzer,Francine,27,1588163865
639,Stephenson,Francine,40,1588157353
640,Di Lillo,Jordi,36,1588163241
641,Gwahsi,Anna,49,1588158350
642,Mueller,Ali,5,1588145188
643,Mueller,Simon,40,1588152131
644,Wellington,Lee,22,1588156439
645,Meier,Jordi,38,1588159238
646,Thronton,Ali,32,1588161045
647,Meier,Hans,16,1588160038
648,Wellington,Josie,19,1588161182
649,Di Lillo,Anna,51,1588163412
650,Wellington,Andreas,33,1588155485
651,Beierlorzer,Sarah,29,1588155083
652,Roth,Simon,40,1588158931
653,Kirk,Alok,18,1588158745
654,Bond,Sarah,46,1588164972
655,Di Lillo,Thomas,18,1588158103
656,Mueller,Simon,27,1588162870
657,Gwahsi,Sarah,32,1588158904
658,Smith,Jean-Luc,44,1588158020
659,Pomme,Josie,45,1588164897
660,Beierlorzer,Lee,31,1588168476
661,Kirk,Francine,36,1588154951
662,Roth,Jordi,45,1588166445
663,Kirk,Hans,36,1588155056
664,Picard,Zoe,46,1588160876
665,Kirk,Josie,22,1588155294
666,Smith,Lee,10,1588154885
667,Kirk,Lee,38,1588171066
668,Mueller,Ali,42,1588157906
669,Bond,Sarah,22,1588151407
670,Smith,Thomas,30,1588161093
671,Smith,Thomas,41,1588148664
672,Di Lillo,Simon,53,1588157185
673,Gwahsi,Agaba,29,1588152275
674,Pomme,Alok,56,1588163066
675,Gwahsi,Simon,25,1588157630
676,Gwahsi,Andreas,55,1588154891
677,Beierlorzer,Jean-Luc,48,1588165650
678,Kirk,Andreas,28,1588155836
679,Pomme,Josie,35,1588162189
680,Kirk,Jordi,35,1588166092
681,Bond,Robert,22,1588164716
682,Pomme,Robert,40,1588169124
683,Kirk,Jean-Luc,48,1588158151
684,Gwahsi,Zoe,44,1588172202
685,Pomme,Agaba,42,1588163989
686,Mueller,Robert,40,1588165842
687,Pomme,Josie,46,1588157830
688,Mueller,Sarah,37,1588154532
689,Thronton,Timothy,12,1588157089
690,Di Lillo,Robert,29,1588158903
691,Roth,Francine,38,1588157993
692,Meier,Lee,41,1588156190
693,Thronton,Hans,22,1588158639
694,Pomme,Lee,32,1588166641
695,Bond,Agaba,49,1588160598
696,Pomme,Hans,20,1588160691
697,Roth,Zoe,37,1588165231
698,Kirk,Hans,28,1588163444
699,Pomme,Jordi,31,1588159027
700,Meier,Anna,27,1588155048
701,Beierlorzer,Andreas,22,1588163655
702,Bond,Josie,45,1588160864
703,Mueller,Ali,30,1588155831
704,Smith,Ali,47,1588160927
705,Di Lillo,Franz,37,1588166030
706,Mueller,Andreas,52,1588152684
707,Stephenson,Franz,34,1588158210
708,Mueller,Anna,29,1588161985
709,Bond,Agaba,24,1588161955
710,Pomme,Franz,40,1588157501
711,Bond,Zoe,29,1588164600
712,Stephenson,Josie,37,1588148394
713,Stephenson,Thomas,17,1588159051
714,Wellington,Agaba,22,1588166594
715,Thronton,Josie,30,1588160794
716,Stephenson,Thomas,33,1588162697
717,Bond,Franz,24,1588157063
718,Stephenson,Alok,40,1588163589
719,Bond,Josie,31,1588164081
720,Bond,Robert,43,1588157779
721,Kirk,Alok,30,1588159536
722,Mueller,Hans,35,1588151848
723,Kirk,Agaba,50,1588163386
724,Pomme,Sarah,36,1588164981
725,Meier,Thomas,8,1588162180
726,Beierlorzer,Agaba,39,1588163264
727,Thronton,Timothy,41,1588161644
728,Meier,Agaba,25,1588164330
729,Wellington,Anna,50,1588157706
730,Picard,Timothy,35,1588156920
731,Beierlorzer,Simon,44,1588154917
732,Pomme,Alok,28,1588162620
733,Wellington,Anna,56,1588156062
734,Smith,Hans,48,1588157128
735,Pomme,Andreas,39,1588151548
736,Gwahsi,Anna,43,1588162504
737,Beierlorzer,Francine,28,1588161790
738,Gwahsi,Zoe,49,1588157979
739,Stephenson,Hans,44,1588164083
740,Wellington,Anna,14,1588157091
741,Bond,Alok,36,1588158028
742,Picard,Lee,26,1588161083
743,Thronton,Lee,36,1588168440
744,Meier,Zoe,26,1588166212
745,Bond,Agaba,10,1588166619
746,Di Lillo,Robert,19,1588159383
747,Di Lillo,Timothy,34,1588160874
748,Picard,Timothy,37,1588166185
749,Roth,Jordi,57,1588161553
750,Wellington,Timothy,40,1588162744
751,Thronton,Robert,35,1588161987
752,Roth,Timothy,47,1588165163
753,Roth,Alok,30,1588159493
754,Wellington,Hans,35,1588157148
755,Roth,Ali,35,1588154302
756,Picard,Anna,51,1588157452
757,Thronton,Josie,33,1588158252
758,Bond,Josie,32,1588163160
759,Bond,Josie,31,1588162263
760,Stephenson,Anna,35,1588157282
761,Smith,Robert,26,1588155705
762,Wellington,Jordi,30,1588159918
763,Pomme,Sarah,36,1588164801
764,Beierlorzer,Thomas,35,1588162424
765,Thronton,Ali,26,1588166583
766,Thronton,Alok,22,1588164590
767,Picard,Sarah,38,1588154276
768,Stephenson,Sarah,27,1588156306
769,Beierlorzer,Zoe,31,1588154097
770,Kirk,Zoe,39,1588160976
771,Mueller,Sarah,30,1588156186
772,Mueller,Josie,53,1588165884
773,Bond,Hans,36,1588169099
774,Di Lillo,Josie,41,1588161904
775,Beierlorzer,Robert,24,1588166406
776,Meier,Agaba,39,1588167653
777,Picard,Zoe,30,1588162165
778,Meier,Robert,35,1588164456
779,Di Lillo,Agaba,30,1588163433
780,Kirk,Lee,37,1588155525
781,Smith,Thomas,14,1588167777
782,Meier,Franz,38,1588157428
783,Pomme,Hans,18,1588156780
784,Smith,Josie,27,1588162503
785,Wellington,Thomas,22,1588161352
786,Di Lillo,Robert,28,1588160719
787,Smith,Franz,29,1588164926
788,Thronton,Josie,18,1588162505
789,Di Lillo,Franz,25,1588155755
790,Stephenson,Ali,21,1588157729
791,Beierlorzer,Thomas,34,1588159171
792,Thronton,Simon,38,1588169132
793,Bond,Jordi,42,1588161246
794,Thronton,Timothy,35,1588166791
795,Picard,Agaba,25,1588168328
796,Picard,Alok,43,1588150294
797,Pomme,Jean-Luc,32,1588159670
798,Wellington,Andreas,34,1588157697
799,Beierlorzer,Simon,29,1588158615
800,Beierlorzer,Franz,27,1588159542
801,Roth,Timothy,24,1588160252
802,Di Lillo,Alok,38,1588158618
803,Beierlorzer,Alok,9,1588154684
804,Bond,Sarah,56,1588156811
805,Smith,Josie,26,1588165043
806,Beierlorzer,Agaba,49,1588163805
807,Di Lillo,Timothy,49,1588154176
808,Di Lillo,Zoe,40,1588162435
809,Picard,Robert,44,1588163834
810,Beierlorzer,Jean-Luc,33,1588150603
811,Beierlorzer,Alok,49,1588162650
812,Kirk,Agaba,35,1588169814
813,Mueller,Ali,43,1588158868
814,Meier,Andreas,35,1588155425
815,Wellington,Ali,44,1588166896
816,Kirk,Alok,32,1588163078
817,Gwahsi,Lee,44,1588157817
818,Smith,Zoe,41,1588156084
819,Gwahsi,Andreas,28,1588163772
820,Meier,Sarah,42,1588156812
821,Roth,Francine,15,1588163535
822,Pomme,Francine,36,1588168183
823,Smith,Anna,29,1588162758
824,Stephenson,Robert,39,1588167322
825,Roth,Agaba,12,1588154453
826,Picard,Francine,28,1588159919
827,Roth,Alok,41,1588156627
828,Meier,Thomas,48,1588154754
829,Stephenson,Simon,24,1588167783
830,Roth,Timothy,40,1588158034
831,Kirk,Josie,47,1588154734
832,Wellington,Timothy,35,1588162493
833,Meier,Timothy,46,1588155157
834,Meier,Robert,51,1588160295
835,Picard,Francine,31,1588156856
836,Di Lillo,Timothy,38,1588155922
837,Gwahsi,Robert,33,1588159107
838,Thronton,Zoe,42,1588153730
839,Roth,Zoe,47,1588160497
840,Roth,Jordi,37,1588168210
841,Beierlorzer,Zoe,37,1588156468
842,Roth,Alok,18,1588160859
843,Smith,Sarah,41,1588154273
844,Pomme,Robert,37,1588166900
845,Picard,Alok,29,1588159941
846,Roth,Ali,29,1588164209
847,Pomme,Simon,14,1588162997
848,Bond,Sarah,40,1588156776
849,Smith,Alok,24,1588162502
850,Kirk,Thomas,36,1588163872
851,Picard,Hans,38,1588158116
852,Roth,Alok,33,1588151415
853,Wellington,Timothy,42,1588168394
854,Di Lillo,Agaba,26,1588150365
855,Smith,Thomas,33,1588160436
856,Stephenson,Anna,41,1588158521
857,Smith,Thomas,32,1588159190
858,Gwahsi,Sarah,21,1588150910
859,Smith,Timothy,23,1588153254
860,Meier,Timothy,37,1588159526
861,Beierlorzer,Ali,28,1588163421
862,Mueller,Alok,38,1588150633
863,Beierlorzer,Agaba,21,1588160447
864,Picard,Sarah,28,1588159729
865,Mueller,Zoe,41,1588162782
866,Wellington,Andreas,44,1588159079
867,Gwahsi,Simon,35,1588161152
868,Pomme,Agaba,44,1588153299
869,Beierlorzer,Alok,44,1588152711
870,Picard,Timothy,30,1588161702
871,Mueller,Agaba,31,1588153792
872,Smith,Jean-Luc,32,1588163130
873,Bond,Josie,26,1588151230
874,Di Lillo,Sarah,44,1588162628
875,Meier,Alok,21,1588159622
876,Wellington,Jordi,48,1588157355
877,Roth,Josie,31,1588164269
878,Di Lillo,Jean-Luc,49,1588159647
879,Wellington,Robert,45,1588152049
880,Bond,Franz,28,1588159366
881,Roth,Franz,38,1588147619
882,Beierlorzer,Andreas,30,1588160600
883,Smith,Lee,34,1588160020
884,Meier,Hans,17,1588162330
885,Stephenson,Jean-Luc,39,1588160229
886,Picard,Thomas,40,1588152934
887,Pomme,Ali,29,1588159404
888,Picard,Timothy,45,1588167219
889,Meier,Robert,41,1588159578
890,Bond,Timothy,21,1588154362
891,Smith,Alok,45,1588156575
892,Stephenson,Agaba,26,1588156537
893,Kirk,Andreas,25,1588160550
894,Beierlorzer,Franz,44,1588166417
895,Picard,Franz,31,1588158873
896,Mueller,Franz,45,1588155845
897,Mueller,Sarah,43,1588148695
898,Roth,Jean-Luc,29,1588161280
899,Pomme,Josie,47,1588159089
900,Meier,Agaba,32,1588162036
901,Di Lillo,Ali,30,1588156547
902,Mueller,Josie,43,1588156191
903,Beierlorzer,Simon,37,1588157275
904,Meier,Jordi,30,1588155619
905,Smith,Timothy,22,1588170488
906,Bond,Anna,36,1588160117
907,Wellington,Francine,35,1588160148
908,Wellington,Jordi,23,1588159188
909,Wellington,Ali,44,1588166513
910,Mueller,Anna,38,1588154733
911,Beierlorzer,Hans,26,1588159303
912,Roth,Ali,44,1588163187
913,Thronton,Alok,43,1588167321
914,Roth,Ali,43,1588156666
915,Smith,Jordi,29,1588162012
916,Beierlorzer,Anna,32,1588159979
917,Bond,Anna,53,1588154381
918,Kirk,Robert,33,1588167004
919,Thronton,Simon,54,1588158994
920,Bond,Hans,36,1588157309
921,Meier,Thomas,38,1588162657
922,Kirk,Timothy,41,1588165616
923,Roth,Thomas,20,1588153550
924,Beierlorzer,Robert,6,1588154807
925,Stephenson,Agaba,34,1588164164
926,Roth,Simon,40,1588162711
927,Beierlorzer,Anna,47,1588157466
928,Wellington,Franz,33,1588165035
929,Meier,Anna,52,1588166382
930,Stephenson,Thomas,29,1588160806
931,Wellington,Timothy,44,1588162967
932,Di Lillo,Hans,42,1588158969
933,Bond,Hans,37,1588162975
934,Di Lillo,Ali,43,1588157775
935,Roth,Simon,36,1588165278
936,Pomme,Sarah,32,1588155083
937,Bond,Franz,30,1588159326
938,Di Lillo,Timothy,30,1588171841
939,Bond,Ali,35,1588160295
940,Meier,Francine,15,1588153656
941,Gwahsi,Franz,26,1588158942
942,Thronton,Alok,33,1588174215
943,Stephenson,Ali,30,1588153680
944,Smith,Timothy,33,1588161785
945,Bond,Josie,45,1588163305
946,Beierlorzer,Sarah,25,1588167169
947,Gwahsi,Andreas,38,1588153552
948,Wellington,Josie,43,1588154293
949,Gwahsi,Josie,47,1588163444
950,Gwahsi,Jordi,28,1588155049
951,Meier,Alok,44,1588162241
952,Wellington,Francine,27,1588150486
953,Roth,Andreas,47,1588161596
954,Beierlorzer,Agaba,26,1588151089
955,Meier,Simon,28,1588158411
956,Roth,Hans,38,1588153960
957,Mueller,Josie,40,1588164263
958,Bond,Francine,25,1588159828
959,Bond,Josie,40,1588167062
960,Stephenson,Zoe,33,1588159936
961,Smith,Sarah,23,1588161702
962,Picard,Anna,35,1588155855
963,Roth,Jordi,45,1588161622
964,Wellington,Simon,32,1588157589
965,Kirk,Ali,28,1588161177
966,Bond,Thomas,36,1588160747
967,Thronton,Simon,33,1588165339
968,Mueller,Alok,40,1588167179
969,Pomme,Josie,42,1588156253
970,Gwahsi,Sarah,49,1588155876
971,Bond,Agaba,38,1588161628
972,Stephenson,Sarah,37,1588154603
973,Bond,Alok,29,1588159731
974,Gwahsi,Lee,47,1588162068
975,Wellington,Andreas,32,1588161149
976,Bond,Lee,22,1588161790
977,Smith,Jean-Luc,17,1588150227
978,Thronton,Jordi,-5,1588150552
979,Wellington,Lee,18,1588161239
980,Meier,Ali,35,1588161767
981,Thronton,Thomas,35,1588159575
982,Stephenson,Lee,24,1588157836
983,Kirk,Alok,41,1588164595
984,Picard,Hans,48,1588154885
985,Picard,Timothy,18,1588169082
986,Stephenson,Timothy,20,1588165046
987,Picard,Ali,49,1588165968
988,Kirk,Zoe,47,1588165567
989,Gwahsi,Franz,43,1588165048
990,Kirk,Jean-Luc,26,1588160645
991,Stephenson,Sarah,53,1588154935
992,Smith,Alok,39,1588153620
993,Roth,Ali,34,1588165019
994,Mueller,Robert,42,1588165466
995,Di Lillo,Robert,62,1588158988
996,Kirk,Lee,19,1588160246
997,Pomme,Franz,40,1588159625
998,Gwahsi,Thomas,40,1588165504
999,Beierlorzer,Jean-Luc,32,1588151074
1000,Thronton,Franz,28,1588171183
